INSERT INTO PROVIDERS (PROVIDER_ID,PROVIDER,PASSWORD,TIME_ZONE,DFLT_CONTENT_SHELF_LIFE,SECURED_OVER_WIFI,MANAGE_CHAPTERIZED_CONTENT,TYPE,TITLE,REQUIRES_XML_METADATA) VALUES (2,'mobi_test',MD5('test123'),'GMT',14.0,'FALSE','FALSE','content','testTitle2','TRUE') ON DUPLICATE KEY UPDATE TYPE = 'content'; 
INSERT INTO PROVIDERS (PROVIDER_ID,PROVIDER,PASSWORD,TIME_ZONE,DFLT_CONTENT_SHELF_LIFE,SECURED_OVER_WIFI,MANAGE_CHAPTERIZED_CONTENT,TYPE,TITLE,REQUIRES_XML_METADATA) VALUES (3,'infotel',MD5('test123'),'GMT',1825.0,'FALSE','FALSE','content','testTitle3','FALSE') ON DUPLICATE KEY UPDATE TYPE = 'content';
INSERT INTO PROVIDERS (PROVIDER_ID,PROVIDER,PASSWORD,TIME_ZONE,DFLT_CONTENT_SHELF_LIFE,SECURED_OVER_WIFI,MANAGE_CHAPTERIZED_CONTENT,TYPE,TITLE,REQUIRES_XML_METADATA) VALUES (4,'yume',MD5('test123'),'GMT',1825.0,'FALSE','FALSE','content','testTitle4','FALSE') ON DUPLICATE KEY UPDATE TYPE = 'content';
 
COMMIT;

INSERT INTO PROVIDER_METADATA_CONFIG (PROVIDER_ID,TITLE,SHORT_TITLE,SYNOPSIS,KEYWORD,GENRE,EXPIRES,SLOT,START_OF_AVAILABILITY,FOLDER,INDIRECT_UPLOAD_URL,CHECKSUM,THUMBNAIL_UPLOAD_URL,INDUSTRY,TICKER,CRID,ENABLE_LOCAL_PLAYBACK,ENABLE_WIFI,CLOSED_CAPTION_URL,ENCRYPTION_REQUIRED) values (2,'TITLE','SHORTTITLE','SYNOPSIS','KEYWORD','GENRE','ENDOFAVAILABILITY','SLOT','STARTOFAVAILABILITY','FOLDER','INDIRECTUPLOADURL','CHECKSUM',null,null,null,null,'ENABLELOCALPLAYBACK','ENABLEWIFI','CLOSED_CAPTION_URL','ENCRYPTION_REQUIRED') ON DUPLICATE KEY UPDATE PROVIDER_ID = 2;
INSERT INTO PROVIDER_METADATA_CONFIG (PROVIDER_ID,TITLE,SHORT_TITLE,SYNOPSIS,KEYWORD,GENRE,EXPIRES,SLOT,START_OF_AVAILABILITY,FOLDER,INDIRECT_UPLOAD_URL,CHECKSUM,THUMBNAIL_UPLOAD_URL,INDUSTRY,TICKER,CRID,ENABLE_LOCAL_PLAYBACK,ENABLE_WIFI,CLOSED_CAPTION_URL,ENCRYPTION_REQUIRED) VALUES (3,'TITLE','SHORTTITLE','SYNOPSIS','KEYWORD','GENRE','ENDOFAVAILABILITY','SLOT','STARTOFAVAILABILITY','FOLDER','INDIRECTUPLOADURL','CHECKSUM',NULL,NULL,NULL,NULL,'ENABLELOCALPLAYBACK','ENABLEWIFI','CLOSED_CAPTION_URL','ENCRYPTION_REQUIRED') ON DUPLICATE KEY UPDATE PROVIDER_ID = 3;
INSERT INTO PROVIDER_METADATA_CONFIG (PROVIDER_ID,TITLE,SHORT_TITLE,SYNOPSIS,KEYWORD,GENRE,EXPIRES,SLOT,START_OF_AVAILABILITY,FOLDER,INDIRECT_UPLOAD_URL,CHECKSUM,THUMBNAIL_UPLOAD_URL,INDUSTRY,TICKER,CRID,ENABLE_LOCAL_PLAYBACK,ENABLE_WIFI,CLOSED_CAPTION_URL,ENCRYPTION_REQUIRED) VALUES (4,'TITLE','SHORTTITLE','SYNOPSIS','KEYWORD','GENRE','ENDOFAVAILABILITY','SLOT','STARTOFAVAILABILITY','FOLDER','INDIRECTUPLOADURL','CHECKSUM',NULL,NULL,NULL,NULL,'ENABLELOCALPLAYBACK','ENABLEWIFI','CLOSED_CAPTION_URL','ENCRYPTION_REQUIRED') ON DUPLICATE KEY UPDATE PROVIDER_ID = 4;

COMMIT;

INSERT INTO `TV_INVENTORY` (`INVENTORY_ID`, `BACKEND_CHANNEL`, `DESCRIPTION`, `DISPLAY_NAME`, `ICON_NAME`, `JUKEBOX_CHANNEL_ID`, `LBS_DEFAULT_RULE`, `LONG_NAME`, `MEDIA_RESTRICTIONS`, `MEDIATYPE`, `MEDIA_ASPECT_RATIO`, `NAME`, `STATION_ID`) VALUES('2','0','','',NULL,NULL,'ALLOW',NULL,'m2g','folder','4x3','__INTERNAL_MJ_2',NULL) ON DUPLICATE KEY UPDATE MEDIA_ASPECT_RATIO = '4x3';
INSERT INTO `TV_INVENTORY` (`INVENTORY_ID`, `BACKEND_CHANNEL`, `DESCRIPTION`, `DISPLAY_NAME`, `ICON_NAME`, `JUKEBOX_CHANNEL_ID`, `LBS_DEFAULT_RULE`, `LONG_NAME`, `MEDIA_RESTRICTIONS`, `MEDIATYPE`, `MEDIA_ASPECT_RATIO`, `NAME`, `STATION_ID`) VALUES('17','0','','Super Show with Change',NULL,NULL,'ALLOW',NULL,'m2g','folder','16x9','__INTERNAL_MJ_17',NULL) ON DUPLICATE KEY UPDATE MEDIA_ASPECT_RATIO = '4x3';
INSERT INTO `TV_INVENTORY` (`INVENTORY_ID`, `BACKEND_CHANNEL`, `DESCRIPTION`, `DISPLAY_NAME`, `ICON_NAME`, `JUKEBOX_CHANNEL_ID`, `LBS_DEFAULT_RULE`, `LONG_NAME`, `MEDIA_RESTRICTIONS`, `MEDIATYPE`, `MEDIA_ASPECT_RATIO`, `NAME`, `STATION_ID`) VALUES('19','0','','episode2',NULL,NULL,'ALLOW',NULL,'m2g','folder','4x3','__INTERNAL_MJ_19',NULL) ON DUPLICATE KEY UPDATE MEDIA_ASPECT_RATIO = '4x3';
INSERT INTO `TV_INVENTORY` (`INVENTORY_ID`, `BACKEND_CHANNEL`, `DESCRIPTION`, `DISPLAY_NAME`, `ICON_NAME`, `JUKEBOX_CHANNEL_ID`, `LBS_DEFAULT_RULE`, `LONG_NAME`, `MEDIA_RESTRICTIONS`, `MEDIATYPE`, `MEDIA_ASPECT_RATIO`, `NAME`, `STATION_ID`) VALUES('34','0','','ABC Full Length Episodes',NULL,NULL,'ALLOW',NULL,'m2g','folder','4x3','__INTERNAL_MJ_34',NULL) ON DUPLICATE KEY UPDATE MEDIA_ASPECT_RATIO = '4x3';
INSERT INTO `TV_INVENTORY` (`INVENTORY_ID`, `BACKEND_CHANNEL`, `DESCRIPTION`, `DISPLAY_NAME`, `ICON_NAME`, `JUKEBOX_CHANNEL_ID`, `LBS_DEFAULT_RULE`, `LONG_NAME`, `MEDIA_RESTRICTIONS`, `MEDIATYPE`, `MEDIA_ASPECT_RATIO`, `NAME`, `STATION_ID`) VALUES('35','0','','Once Upon a Time',NULL,NULL,'ALLOW',NULL,'m2g','folder','4x3','__INTERNAL_MJ_35',NULL) ON DUPLICATE KEY UPDATE MEDIA_ASPECT_RATIO = '4x3';
INSERT INTO `TV_INVENTORY` (`INVENTORY_ID`, `BACKEND_CHANNEL`, `DESCRIPTION`, `DISPLAY_NAME`, `ICON_NAME`, `JUKEBOX_CHANNEL_ID`, `LBS_DEFAULT_RULE`, `LONG_NAME`, `MEDIA_RESTRICTIONS`, `MEDIATYPE`, `MEDIA_ASPECT_RATIO`, `NAME`, `STATION_ID`) VALUES('36','0','','Family',NULL,NULL,'ALLOW',NULL,'m2g','folder','4x3','__INTERNAL_MJ_36',NULL) ON DUPLICATE KEY UPDATE MEDIA_ASPECT_RATIO = '4x3';
INSERT INTO `TV_INVENTORY` (`INVENTORY_ID`, `BACKEND_CHANNEL`, `DESCRIPTION`, `DISPLAY_NAME`, `ICON_NAME`, `JUKEBOX_CHANNEL_ID`, `LBS_DEFAULT_RULE`, `LONG_NAME`, `MEDIA_RESTRICTIONS`, `MEDIATYPE`, `MEDIA_ASPECT_RATIO`, `NAME`, `STATION_ID`) VALUES('37','0','asdf asdf','Decision 2012',NULL,NULL,'ALLOW',NULL,'m2g','folder','4x3','__INTERNAL_MJ_37',NULL) ON DUPLICATE KEY UPDATE MEDIA_ASPECT_RATIO = '4x3';
INSERT INTO `TV_INVENTORY` (`INVENTORY_ID`, `BACKEND_CHANNEL`, `DESCRIPTION`, `DISPLAY_NAME`, `ICON_NAME`, `JUKEBOX_CHANNEL_ID`, `LBS_DEFAULT_RULE`, `LONG_NAME`, `MEDIA_RESTRICTIONS`, `MEDIATYPE`, `MEDIA_ASPECT_RATIO`, `NAME`, `STATION_ID`) VALUES('39','0','','Episode',NULL,NULL,'ALLOW',NULL,'m2g','folder','4x3','__INTERNAL_MJ_39',NULL) ON DUPLICATE KEY UPDATE MEDIA_ASPECT_RATIO = '4x3';
INSERT INTO `TV_INVENTORY` (`INVENTORY_ID`, `BACKEND_CHANNEL`, `DESCRIPTION`, `DISPLAY_NAME`, `ICON_NAME`, `JUKEBOX_CHANNEL_ID`, `LBS_DEFAULT_RULE`, `LONG_NAME`, `MEDIA_RESTRICTIONS`, `MEDIATYPE`, `MEDIA_ASPECT_RATIO`, `NAME`, `STATION_ID`) VALUES('68','0','','ep1',NULL,NULL,'ALLOW',NULL,'m2g','folder',NULL,'__INTERNAL_MJ_68',NULL) ON DUPLICATE KEY UPDATE MEDIA_ASPECT_RATIO = '4x3';
INSERT INTO `TV_INVENTORY` (`INVENTORY_ID`, `BACKEND_CHANNEL`, `DESCRIPTION`, `DISPLAY_NAME`, `ICON_NAME`, `JUKEBOX_CHANNEL_ID`, `LBS_DEFAULT_RULE`, `LONG_NAME`, `MEDIA_RESTRICTIONS`, `MEDIATYPE`, `MEDIA_ASPECT_RATIO`, `NAME`, `STATION_ID`) VALUES('84','0','','Primetime',NULL,NULL,'ALLOW',NULL,'m2g','folder',NULL,'__INTERNAL_MJ_84',NULL) ON DUPLICATE KEY UPDATE MEDIA_ASPECT_RATIO = '4x3';
INSERT INTO `TV_INVENTORY` (`INVENTORY_ID`, `BACKEND_CHANNEL`, `DESCRIPTION`, `DISPLAY_NAME`, `ICON_NAME`, `JUKEBOX_CHANNEL_ID`, `LBS_DEFAULT_RULE`, `LONG_NAME`, `MEDIA_RESTRICTIONS`, `MEDIATYPE`, `MEDIA_ASPECT_RATIO`, `NAME`, `STATION_ID`) VALUES('85','0','','ShowTitle',NULL,NULL,'ALLOW',NULL,'m2g','folder',NULL,'__INTERNAL_MJ_85',NULL) ON DUPLICATE KEY UPDATE MEDIA_ASPECT_RATIO = '4x3';
INSERT INTO `TV_INVENTORY` (`INVENTORY_ID`, `BACKEND_CHANNEL`, `DESCRIPTION`, `DISPLAY_NAME`, `ICON_NAME`, `JUKEBOX_CHANNEL_ID`, `LBS_DEFAULT_RULE`, `LONG_NAME`, `MEDIA_RESTRICTIONS`, `MEDIATYPE`, `MEDIA_ASPECT_RATIO`, `NAME`, `STATION_ID`) VALUES('209','0','','Test_manish',NULL,NULL,'ALLOW',NULL,'m2g','folder',NULL,'__INTERNAL_MJ_209',NULL) ON DUPLICATE KEY UPDATE MEDIA_ASPECT_RATIO = '4x3';

COMMIT;

INSERT INTO `FOLDER_INVENTORY` (`CHAPTERIZED_CONTENT`, `EXPIRES`, `GENRE`, `KEYWORD`, `MCDPATH`, `NETWORK`, `PLAYLIST_ENABLED`, `PROVIDER_ID`, `SHOW`, `START_OF_AVAILABILITY`, `THUMBNAIL_LOCATION`, `TOTAL_NUMBER_OF_PARTS`, `UI_NAME`, `INVENTORY_ID`) VALUES('FALSE',NULL,'Politics,News','','2/2','NETWORK FOO!!!','FALSE','2','FALSE',NULL,'/var/Jukebox/uploads/thumbnails/2/2.jpeg',NULL,'mobi_test//','2') ON DUPLICATE KEY UPDATE PROVIDER_ID = '2'; 
INSERT INTO `FOLDER_INVENTORY` (`CHAPTERIZED_CONTENT`, `EXPIRES`, `GENRE`, `KEYWORD`, `MCDPATH`, `NETWORK`, `PLAYLIST_ENABLED`, `PROVIDER_ID`, `SHOW`, `START_OF_AVAILABILITY`, `THUMBNAIL_LOCATION`, `TOTAL_NUMBER_OF_PARTS`, `UI_NAME`, `INVENTORY_ID`) VALUES('TRUE',NULL,'Politics,News','','2/17','NETWORK FOO!!!','FALSE','2','TRUE',NULL,'/var/Jukebox/uploads/thumbnails/2/17.png',NULL,'mobi_test//show1','17') ON DUPLICATE KEY UPDATE PROVIDER_ID = '2';
INSERT INTO `FOLDER_INVENTORY` (`CHAPTERIZED_CONTENT`, `EXPIRES`, `GENRE`, `KEYWORD`, `MCDPATH`, `NETWORK`, `PLAYLIST_ENABLED`, `PROVIDER_ID`, `SHOW`, `START_OF_AVAILABILITY`, `THUMBNAIL_LOCATION`, `TOTAL_NUMBER_OF_PARTS`, `UI_NAME`, `INVENTORY_ID`) VALUES('TRUE',NULL,'Politics,News','','2/19','NETWORK FOO!!!','FALSE','2','FALSE',NULL,'/var/Jukebox/uploads/thumbnails/2/19.jpeg',NULL,'mobi_test//show1/episode2','19') ON DUPLICATE KEY UPDATE PROVIDER_ID = '2';
INSERT INTO `FOLDER_INVENTORY` (`CHAPTERIZED_CONTENT`, `EXPIRES`, `GENRE`, `KEYWORD`, `MCDPATH`, `NETWORK`, `PLAYLIST_ENABLED`, `PROVIDER_ID`, `SHOW`, `START_OF_AVAILABILITY`, `THUMBNAIL_LOCATION`, `TOTAL_NUMBER_OF_PARTS`, `UI_NAME`, `INVENTORY_ID`) VALUES('FALSE',NULL,'Politics,News','','2/34',NULL,'FALSE','2','TRUE',NULL,'/var/Jukebox/uploads/thumbnails/2/34.jpeg',NULL,'mobi_test//ABC Full Length Episodes','34') ON DUPLICATE KEY UPDATE PROVIDER_ID = '2';
INSERT INTO `FOLDER_INVENTORY` (`CHAPTERIZED_CONTENT`, `EXPIRES`, `GENRE`, `KEYWORD`, `MCDPATH`, `NETWORK`, `PLAYLIST_ENABLED`, `PROVIDER_ID`, `SHOW`, `START_OF_AVAILABILITY`, `THUMBNAIL_LOCATION`, `TOTAL_NUMBER_OF_PARTS`, `UI_NAME`, `INVENTORY_ID`) VALUES('TRUE',NULL,'Politics,News','','2/35',NULL,'FALSE','2','FALSE',NULL,'/var/Jukebox/uploads/thumbnails/2/35.jpeg',NULL,'mobi_test//ABC Full Length Episodes/Once Upon a Time','35') ON DUPLICATE KEY UPDATE PROVIDER_ID = '2';
INSERT INTO `FOLDER_INVENTORY` (`CHAPTERIZED_CONTENT`, `EXPIRES`, `GENRE`, `KEYWORD`, `MCDPATH`, `NETWORK`, `PLAYLIST_ENABLED`, `PROVIDER_ID`, `SHOW`, `START_OF_AVAILABILITY`, `THUMBNAIL_LOCATION`, `TOTAL_NUMBER_OF_PARTS`, `UI_NAME`, `INVENTORY_ID`) VALUES('FALSE',NULL,'Politics,News','','2/36',NULL,'FALSE','2','FALSE',NULL,NULL,NULL,'mobi_test//Family','36') ON DUPLICATE KEY UPDATE PROVIDER_ID = '2';
INSERT INTO `FOLDER_INVENTORY` (`CHAPTERIZED_CONTENT`, `EXPIRES`, `GENRE`, `KEYWORD`, `MCDPATH`, `NETWORK`, `PLAYLIST_ENABLED`, `PROVIDER_ID`, `SHOW`, `START_OF_AVAILABILITY`, `THUMBNAIL_LOCATION`, `TOTAL_NUMBER_OF_PARTS`, `UI_NAME`, `INVENTORY_ID`) VALUES('FALSE',NULL,'Politics,News','','2/37',NULL,'FALSE','2','TRUE',NULL,NULL,NULL,'mobi_test//Family/Decision 2012','37') ON DUPLICATE KEY UPDATE PROVIDER_ID = '2';
INSERT INTO `FOLDER_INVENTORY` (`CHAPTERIZED_CONTENT`, `EXPIRES`, `GENRE`, `KEYWORD`, `MCDPATH`, `NETWORK`, `PLAYLIST_ENABLED`, `PROVIDER_ID`, `SHOW`, `START_OF_AVAILABILITY`, `THUMBNAIL_LOCATION`, `TOTAL_NUMBER_OF_PARTS`, `UI_NAME`, `INVENTORY_ID`) VALUES('TRUE',NULL,'Politics,News','','2/39',NULL,'FALSE','2','FALSE',NULL,NULL,NULL,'mobi_test//ABC Full Length Episodes/Once Upon a Time/Episode','39') ON DUPLICATE KEY UPDATE PROVIDER_ID = '2';
INSERT INTO `FOLDER_INVENTORY` (`CHAPTERIZED_CONTENT`, `EXPIRES`, `GENRE`, `KEYWORD`, `MCDPATH`, `NETWORK`, `PLAYLIST_ENABLED`, `PROVIDER_ID`, `SHOW`, `START_OF_AVAILABILITY`, `THUMBNAIL_LOCATION`, `TOTAL_NUMBER_OF_PARTS`, `UI_NAME`, `INVENTORY_ID`) VALUES('FALSE',NULL,NULL,NULL,'2/68',NULL,'FALSE','2','FALSE',NULL,NULL,NULL,'mobi_test//show1/ep1','68') ON DUPLICATE KEY UPDATE PROVIDER_ID = '2';
INSERT INTO `FOLDER_INVENTORY` (`CHAPTERIZED_CONTENT`, `EXPIRES`, `GENRE`, `KEYWORD`, `MCDPATH`, `NETWORK`, `PLAYLIST_ENABLED`, `PROVIDER_ID`, `SHOW`, `START_OF_AVAILABILITY`, `THUMBNAIL_LOCATION`, `TOTAL_NUMBER_OF_PARTS`, `UI_NAME`, `INVENTORY_ID`) VALUES('FALSE',NULL,NULL,NULL,'2/84',NULL,'FALSE','2','FALSE',NULL,NULL,NULL,'mobi_test//Primetime','84') ON DUPLICATE KEY UPDATE PROVIDER_ID = '2';
INSERT INTO `FOLDER_INVENTORY` (`CHAPTERIZED_CONTENT`, `EXPIRES`, `GENRE`, `KEYWORD`, `MCDPATH`, `NETWORK`, `PLAYLIST_ENABLED`, `PROVIDER_ID`, `SHOW`, `START_OF_AVAILABILITY`, `THUMBNAIL_LOCATION`, `TOTAL_NUMBER_OF_PARTS`, `UI_NAME`, `INVENTORY_ID`) VALUES('FALSE',NULL,NULL,NULL,'2/85',NULL,'FALSE','2','FALSE',NULL,NULL,NULL,'mobi_test//Primetime/ShowTitle','85') ON DUPLICATE KEY UPDATE PROVIDER_ID = '2';
INSERT INTO `FOLDER_INVENTORY` (`CHAPTERIZED_CONTENT`, `EXPIRES`, `GENRE`, `KEYWORD`, `MCDPATH`, `NETWORK`, `PLAYLIST_ENABLED`, `PROVIDER_ID`, `SHOW`, `START_OF_AVAILABILITY`, `THUMBNAIL_LOCATION`, `TOTAL_NUMBER_OF_PARTS`, `UI_NAME`, `INVENTORY_ID`) VALUES('FALSE',NULL,NULL,NULL,'2/209',NULL,'FALSE','2','FALSE',NULL,NULL,NULL,'mobi_test//Test_manish','209') ON DUPLICATE KEY UPDATE PROVIDER_ID = '2';

COMMIT;

INSERT INTO `TV_FOLDER_ITEM` (`ID`, `CREATED_TIME`, `DISPLAY_CODE`, `DISPLAY_ORDER`, `ITEM_INVENTORY_ID`, `LAST_UPDATED_TIME`, `LAST_UPDATED_BY`, `FOLDER_INVENTORY_ID`) VALUES('15','2012-10-16 21:12:04','inv17','899999983','17','2012-10-16 21:12:04','JB','2') ON DUPLICATE KEY UPDATE LAST_UPDATED_BY = 'JB';
INSERT INTO `TV_FOLDER_ITEM` (`ID`, `CREATED_TIME`, `DISPLAY_CODE`, `DISPLAY_ORDER`, `ITEM_INVENTORY_ID`, `LAST_UPDATED_TIME`, `LAST_UPDATED_BY`, `FOLDER_INVENTORY_ID`) VALUES('18','2012-10-17 01:50:42','inv19','899999981','19','2012-10-17 01:50:42','JB','17') ON DUPLICATE KEY UPDATE LAST_UPDATED_BY = 'JB';
INSERT INTO `TV_FOLDER_ITEM` (`ID`, `CREATED_TIME`, `DISPLAY_CODE`, `DISPLAY_ORDER`, `ITEM_INVENTORY_ID`, `LAST_UPDATED_TIME`, `LAST_UPDATED_BY`, `FOLDER_INVENTORY_ID`) VALUES('32','2012-10-31 16:05:55','inv34','899999966','34','2012-10-31 16:05:55','JB','2') ON DUPLICATE KEY UPDATE LAST_UPDATED_BY = 'JB';
INSERT INTO `TV_FOLDER_ITEM` (`ID`, `CREATED_TIME`, `DISPLAY_CODE`, `DISPLAY_ORDER`, `ITEM_INVENTORY_ID`, `LAST_UPDATED_TIME`, `LAST_UPDATED_BY`, `FOLDER_INVENTORY_ID`) VALUES('33','2012-10-31 16:05:55','inv35','899999965','35','2012-10-31 16:05:55','JB','34') ON DUPLICATE KEY UPDATE LAST_UPDATED_BY = 'JB';
INSERT INTO `TV_FOLDER_ITEM` (`ID`, `CREATED_TIME`, `DISPLAY_CODE`, `DISPLAY_ORDER`, `ITEM_INVENTORY_ID`, `LAST_UPDATED_TIME`, `LAST_UPDATED_BY`, `FOLDER_INVENTORY_ID`) VALUES('35','2012-10-31 16:13:25','inv36','899999964','36','2012-10-31 16:13:25','JB','2') ON DUPLICATE KEY UPDATE LAST_UPDATED_BY = 'JB';
INSERT INTO `TV_FOLDER_ITEM` (`ID`, `CREATED_TIME`, `DISPLAY_CODE`, `DISPLAY_ORDER`, `ITEM_INVENTORY_ID`, `LAST_UPDATED_TIME`, `LAST_UPDATED_BY`, `FOLDER_INVENTORY_ID`) VALUES('36','2012-10-31 16:13:26','inv37','899999963','37','2012-10-31 16:13:26','JB','36') ON DUPLICATE KEY UPDATE LAST_UPDATED_BY = 'JB';
INSERT INTO `TV_FOLDER_ITEM` (`ID`, `CREATED_TIME`, `DISPLAY_CODE`, `DISPLAY_ORDER`, `ITEM_INVENTORY_ID`, `LAST_UPDATED_TIME`, `LAST_UPDATED_BY`, `FOLDER_INVENTORY_ID`) VALUES('39','2012-11-09 16:15:42','inv39','899999961','39','2012-11-09 16:15:42','JB','35') ON DUPLICATE KEY UPDATE LAST_UPDATED_BY = 'JB'; 
INSERT INTO `TV_FOLDER_ITEM` (`ID`, `CREATED_TIME`, `DISPLAY_CODE`, `DISPLAY_ORDER`, `ITEM_INVENTORY_ID`, `LAST_UPDATED_TIME`, `LAST_UPDATED_BY`, `FOLDER_INVENTORY_ID`) VALUES('67','2012-11-28 00:01:18','inv68','899999932','68','2012-11-28 00:01:18','JB','17') ON DUPLICATE KEY UPDATE LAST_UPDATED_BY = 'JB';
INSERT INTO `TV_FOLDER_ITEM` (`ID`, `CREATED_TIME`, `DISPLAY_CODE`, `DISPLAY_ORDER`, `ITEM_INVENTORY_ID`, `LAST_UPDATED_TIME`, `LAST_UPDATED_BY`, `FOLDER_INVENTORY_ID`) VALUES('87','2012-12-12 18:27:30','inv84','899999916','84','2012-12-12 18:27:30','JB','2') ON DUPLICATE KEY UPDATE LAST_UPDATED_BY = 'JB';
INSERT INTO `TV_FOLDER_ITEM` (`ID`, `CREATED_TIME`, `DISPLAY_CODE`, `DISPLAY_ORDER`, `ITEM_INVENTORY_ID`, `LAST_UPDATED_TIME`, `LAST_UPDATED_BY`, `FOLDER_INVENTORY_ID`) VALUES('88','2012-12-12 18:27:30','inv85','899999915','85','2012-12-12 18:27:30','JB','84') ON DUPLICATE KEY UPDATE LAST_UPDATED_BY = 'JB';
INSERT INTO `TV_FOLDER_ITEM` (`ID`, `CREATED_TIME`, `DISPLAY_CODE`, `DISPLAY_ORDER`, `ITEM_INVENTORY_ID`, `LAST_UPDATED_TIME`, `LAST_UPDATED_BY`, `FOLDER_INVENTORY_ID`) VALUES('258','2013-03-06 21:45:18','inv209','899999791','209','2013-03-06 21:45:18','JB','2') ON DUPLICATE KEY UPDATE LAST_UPDATED_BY = 'JB';

COMMIT;

 
INSERT INTO `dam`.`TV_INVENTORY`(`INVENTORY_ID`,`BACKEND_CHANNEL`,`DESCRIPTION`,`DISPLAY_NAME`,`ICON_NAME`,`JUKEBOX_CHANNEL_ID`,`LBS_DEFAULT_RULE`,`LONG_NAME`,`MEDIA_RESTRICTIONS`,`MEDIATYPE`,`MEDIA_ASPECT_RATIO`,`NAME`,`STATION_ID`) VALUES('2000000000', '0', 'Baseline Content Policy', 'Baseline Content Policy', NULL, NULL, 'ALLOW', NULL, 'm2g', 'folder', '16x9', '__INTERNAL_MJ_2000000000', NULL) ON DUPLICATE KEY UPDATE MEDIA_ASPECT_RATIO = '16x9';
INSERT INTO `dam`.`TV_INVENTORY`(`INVENTORY_ID`,`BACKEND_CHANNEL`,`DESCRIPTION`,`DISPLAY_NAME`,`ICON_NAME`,`JUKEBOX_CHANNEL_ID`,`LBS_DEFAULT_RULE`,`LONG_NAME`,`MEDIA_RESTRICTIONS`,`MEDIATYPE`,`MEDIA_ASPECT_RATIO`,`NAME`,`STATION_ID`) VALUES('2000000001', '0', 'Device_pc-other', 'Device_pc-other', NULL, NULL, 'ALLOW', NULL, 'm2g', 'folder', '16x9', '__INTERNAL_MJ_2000000001', NULL) ON DUPLICATE KEY UPDATE MEDIA_ASPECT_RATIO = '16x9';
INSERT INTO `dam`.`TV_INVENTORY`(`INVENTORY_ID`,`BACKEND_CHANNEL`,`DESCRIPTION`,`DISPLAY_NAME`,`ICON_NAME`,`JUKEBOX_CHANNEL_ID`,`LBS_DEFAULT_RULE`,`LONG_NAME`,`MEDIA_RESTRICTIONS`,`MEDIATYPE`,`MEDIA_ASPECT_RATIO`,`NAME`,`STATION_ID`) VALUES('2000000002', '0', 'Device_phone-android', 'Device_phone-android', NULL, NULL, 'ALLOW', NULL, 'm2g', 'folder', '16x9', '__INTERNAL_MJ_2000000002', NULL) ON DUPLICATE KEY UPDATE MEDIA_ASPECT_RATIO = '16x9';
INSERT INTO `dam`.`TV_INVENTORY`(`INVENTORY_ID`,`BACKEND_CHANNEL`,`DESCRIPTION`,`DISPLAY_NAME`,`ICON_NAME`,`JUKEBOX_CHANNEL_ID`,`LBS_DEFAULT_RULE`,`LONG_NAME`,`MEDIA_RESTRICTIONS`,`MEDIATYPE`,`MEDIA_ASPECT_RATIO`,`NAME`,`STATION_ID`) VALUES('2000000003', '0', 'Device_phone-iOS', 'Device_phone-iOS', NULL, NULL, 'ALLOW', NULL, 'm2g', 'folder', '16x9', '__INTERNAL_MJ_2000000003', NULL) ON DUPLICATE KEY UPDATE MEDIA_ASPECT_RATIO = '16x9';
INSERT INTO `dam`.`TV_INVENTORY`(`INVENTORY_ID`,`BACKEND_CHANNEL`,`DESCRIPTION`,`DISPLAY_NAME`,`ICON_NAME`,`JUKEBOX_CHANNEL_ID`,`LBS_DEFAULT_RULE`,`LONG_NAME`,`MEDIA_RESTRICTIONS`,`MEDIATYPE`,`MEDIA_ASPECT_RATIO`,`NAME`,`STATION_ID`) VALUES('2000000004', '0', 'Device_stb-other', 'Device_stb-other', NULL, NULL, 'ALLOW', NULL, 'm2g', 'folder', '16x9', '__INTERNAL_MJ_2000000004', NULL) ON DUPLICATE KEY UPDATE MEDIA_ASPECT_RATIO = '16x9';
INSERT INTO `dam`.`TV_INVENTORY`(`INVENTORY_ID`,`BACKEND_CHANNEL`,`DESCRIPTION`,`DISPLAY_NAME`,`ICON_NAME`,`JUKEBOX_CHANNEL_ID`,`LBS_DEFAULT_RULE`,`LONG_NAME`,`MEDIA_RESTRICTIONS`,`MEDIATYPE`,`MEDIA_ASPECT_RATIO`,`NAME`,`STATION_ID`) VALUES('2000000005', '0', 'Device_tablet-android', 'Device_tablet-android', NULL, NULL, 'ALLOW', NULL, 'm2g', 'folder', '16x9', '__INTERNAL_MJ_2000000005', NULL) ON DUPLICATE KEY UPDATE MEDIA_ASPECT_RATIO = '16x9';
INSERT INTO `dam`.`TV_INVENTORY`(`INVENTORY_ID`,`BACKEND_CHANNEL`,`DESCRIPTION`,`DISPLAY_NAME`,`ICON_NAME`,`JUKEBOX_CHANNEL_ID`,`LBS_DEFAULT_RULE`,`LONG_NAME`,`MEDIA_RESTRICTIONS`,`MEDIATYPE`,`MEDIA_ASPECT_RATIO`,`NAME`,`STATION_ID`) VALUES('2000000006', '0', 'Device_tablet-iOS', 'Device_tablet-iOS', NULL, NULL, 'ALLOW', NULL, 'm2g', 'folder', '16x9', '__INTERNAL_MJ_2000000006', NULL) ON DUPLICATE KEY UPDATE MEDIA_ASPECT_RATIO = '16x9';
INSERT INTO `dam`.`TV_INVENTORY`(`INVENTORY_ID`,`BACKEND_CHANNEL`,`DESCRIPTION`,`DISPLAY_NAME`,`ICON_NAME`,`JUKEBOX_CHANNEL_ID`,`LBS_DEFAULT_RULE`,`LONG_NAME`,`MEDIA_RESTRICTIONS`,`MEDIATYPE`,`MEDIA_ASPECT_RATIO`,`NAME`,`STATION_ID`) VALUES('2000000007', '0', 'Location_India', 'Location_India', NULL, NULL, 'ALLOW', NULL, 'm2g', 'folder', '16x9', '__INTERNAL_MJ_2000000007', NULL) ON DUPLICATE KEY UPDATE MEDIA_ASPECT_RATIO = '16x9';
INSERT INTO `dam`.`TV_INVENTORY`(`INVENTORY_ID`,`BACKEND_CHANNEL`,`DESCRIPTION`,`DISPLAY_NAME`,`ICON_NAME`,`JUKEBOX_CHANNEL_ID`,`LBS_DEFAULT_RULE`,`LONG_NAME`,`MEDIA_RESTRICTIONS`,`MEDIATYPE`,`MEDIA_ASPECT_RATIO`,`NAME`,`STATION_ID`) VALUES('2000000008', '0', 'Location_United States', 'Location_United States', NULL, NULL, 'ALLOW', NULL, 'm2g', 'folder', '16x9', '__INTERNAL_MJ_2000000008', NULL) ON DUPLICATE KEY UPDATE MEDIA_ASPECT_RATIO = '16x9';
INSERT INTO `dam`.`TV_INVENTORY`(`INVENTORY_ID`,`BACKEND_CHANNEL`,`DESCRIPTION`,`DISPLAY_NAME`,`ICON_NAME`,`JUKEBOX_CHANNEL_ID`,`LBS_DEFAULT_RULE`,`LONG_NAME`,`MEDIA_RESTRICTIONS`,`MEDIATYPE`,`MEDIA_ASPECT_RATIO`,`NAME`,`STATION_ID`) VALUES('2000000009', '0', 'Location_United States Minor Outlying Islands', 'Location_United States Minor Outlying Islands', NULL, NULL, 'ALLOW', NULL, 'm2g', 'folder', '16x9', '__INTERNAL_MJ_2000000009', NULL) ON DUPLICATE KEY UPDATE MEDIA_ASPECT_RATIO = '16x9';
INSERT INTO `dam`.`TV_INVENTORY`(`INVENTORY_ID`,`BACKEND_CHANNEL`,`DESCRIPTION`,`DISPLAY_NAME`,`ICON_NAME`,`JUKEBOX_CHANNEL_ID`,`LBS_DEFAULT_RULE`,`LONG_NAME`,`MEDIA_RESTRICTIONS`,`MEDIATYPE`,`MEDIA_ASPECT_RATIO`,`NAME`,`STATION_ID`) VALUES('2000000010', '0', 'Max_H3', 'Max_H3', NULL, NULL, 'ALLOW', NULL, 'm2g', 'folder', '16x9', '__INTERNAL_MJ_2000000010', NULL) ON DUPLICATE KEY UPDATE MEDIA_ASPECT_RATIO = '16x9';
INSERT INTO `dam`.`TV_INVENTORY`(`INVENTORY_ID`,`BACKEND_CHANNEL`,`DESCRIPTION`,`DISPLAY_NAME`,`ICON_NAME`,`JUKEBOX_CHANNEL_ID`,`LBS_DEFAULT_RULE`,`LONG_NAME`,`MEDIA_RESTRICTIONS`,`MEDIATYPE`,`MEDIA_ASPECT_RATIO`,`NAME`,`STATION_ID`) VALUES('2000000011', '0', 'Max_H9', 'Max_H9', NULL, NULL, 'ALLOW', NULL, 'm2g', 'folder', '16x9', '__INTERNAL_MJ_2000000011', NULL) ON DUPLICATE KEY UPDATE MEDIA_ASPECT_RATIO = '16x9';
INSERT INTO `dam`.`TV_INVENTORY`(`INVENTORY_ID`,`BACKEND_CHANNEL`,`DESCRIPTION`,`DISPLAY_NAME`,`ICON_NAME`,`JUKEBOX_CHANNEL_ID`,`LBS_DEFAULT_RULE`,`LONG_NAME`,`MEDIA_RESTRICTIONS`,`MEDIATYPE`,`MEDIA_ASPECT_RATIO`,`NAME`,`STATION_ID`) VALUES('2000000012', '0', 'Network_GSM-CDMA', 'Network_GSM-CDMA', NULL, NULL, 'ALLOW', NULL, 'm2g', 'folder', '16x9', '__INTERNAL_MJ_2000000012', NULL) ON DUPLICATE KEY UPDATE MEDIA_ASPECT_RATIO = '16x9';
INSERT INTO `dam`.`TV_INVENTORY`(`INVENTORY_ID`,`BACKEND_CHANNEL`,`DESCRIPTION`,`DISPLAY_NAME`,`ICON_NAME`,`JUKEBOX_CHANNEL_ID`,`LBS_DEFAULT_RULE`,`LONG_NAME`,`MEDIA_RESTRICTIONS`,`MEDIATYPE`,`MEDIA_ASPECT_RATIO`,`NAME`,`STATION_ID`) VALUES('2000000013', '0', 'Network_LTE', 'Network_LTE', NULL, NULL, 'ALLOW', NULL, 'm2g', 'folder', '16x9', '__INTERNAL_MJ_2000000013', NULL) ON DUPLICATE KEY UPDATE MEDIA_ASPECT_RATIO = '16x9';
INSERT INTO `dam`.`TV_INVENTORY`(`INVENTORY_ID`,`BACKEND_CHANNEL`,`DESCRIPTION`,`DISPLAY_NAME`,`ICON_NAME`,`JUKEBOX_CHANNEL_ID`,`LBS_DEFAULT_RULE`,`LONG_NAME`,`MEDIA_RESTRICTIONS`,`MEDIATYPE`,`MEDIA_ASPECT_RATIO`,`NAME`,`STATION_ID`) VALUES('2000000014', '0', 'Network_WiFi-ETH', 'Network_WiFi-ETH', NULL, NULL, 'ALLOW', NULL, 'm2g', 'folder', '16x9', '__INTERNAL_MJ_2000000014', NULL) ON DUPLICATE KEY UPDATE MEDIA_ASPECT_RATIO = '16x9';
INSERT INTO `dam`.`TV_INVENTORY`(`INVENTORY_ID`,`BACKEND_CHANNEL`,`DESCRIPTION`,`DISPLAY_NAME`,`ICON_NAME`,`JUKEBOX_CHANNEL_ID`,`LBS_DEFAULT_RULE`,`LONG_NAME`,`MEDIA_RESTRICTIONS`,`MEDIATYPE`,`MEDIA_ASPECT_RATIO`,`NAME`,`STATION_ID`) VALUES('2000000015', '0', 'Screen_ExternalDisplay', 'Screen_ExternalDisplay', NULL, NULL, 'ALLOW', NULL, 'm2g', 'folder', '16x9', '__INTERNAL_MJ_2000000015', NULL) ON DUPLICATE KEY UPDATE MEDIA_ASPECT_RATIO = '16x9';
INSERT INTO `dam`.`TV_INVENTORY`(`INVENTORY_ID`,`BACKEND_CHANNEL`,`DESCRIPTION`,`DISPLAY_NAME`,`ICON_NAME`,`JUKEBOX_CHANNEL_ID`,`LBS_DEFAULT_RULE`,`LONG_NAME`,`MEDIA_RESTRICTIONS`,`MEDIATYPE`,`MEDIA_ASPECT_RATIO`,`NAME`,`STATION_ID`) VALUES('2000000016', '0', 'Screen_HDCP', 'Screen_HDCP', NULL, NULL, 'ALLOW', NULL, 'm2g', 'folder', '16x9', '__INTERNAL_MJ_2000000016', NULL) ON DUPLICATE KEY UPDATE MEDIA_ASPECT_RATIO = '16x9';
INSERT INTO `dam`.`TV_INVENTORY`(`INVENTORY_ID`,`BACKEND_CHANNEL`,`DESCRIPTION`,`DISPLAY_NAME`,`ICON_NAME`,`JUKEBOX_CHANNEL_ID`,`LBS_DEFAULT_RULE`,`LONG_NAME`,`MEDIA_RESTRICTIONS`,`MEDIATYPE`,`MEDIA_ASPECT_RATIO`,`NAME`,`STATION_ID`) VALUES('2000000017', '0', 'Screen_Phone', 'Screen_Phone', NULL, NULL, 'ALLOW', NULL, 'm2g', 'folder', '16x9', '__INTERNAL_MJ_2000000017', NULL) ON DUPLICATE KEY UPDATE MEDIA_ASPECT_RATIO = '16x9';
INSERT INTO `dam`.`TV_INVENTORY`(`INVENTORY_ID`,`BACKEND_CHANNEL`,`DESCRIPTION`,`DISPLAY_NAME`,`ICON_NAME`,`JUKEBOX_CHANNEL_ID`,`LBS_DEFAULT_RULE`,`LONG_NAME`,`MEDIA_RESTRICTIONS`,`MEDIATYPE`,`MEDIA_ASPECT_RATIO`,`NAME`,`STATION_ID`) VALUES('2000000018', '0', 'Screen_STB', 'Screen_STB', NULL, NULL, 'ALLOW', NULL, 'm2g', 'folder', '16x9', '__INTERNAL_MJ_2000000018', NULL) ON DUPLICATE KEY UPDATE MEDIA_ASPECT_RATIO = '16x9';
INSERT INTO `dam`.`TV_INVENTORY`(`INVENTORY_ID`,`BACKEND_CHANNEL`,`DESCRIPTION`,`DISPLAY_NAME`,`ICON_NAME`,`JUKEBOX_CHANNEL_ID`,`LBS_DEFAULT_RULE`,`LONG_NAME`,`MEDIA_RESTRICTIONS`,`MEDIATYPE`,`MEDIA_ASPECT_RATIO`,`NAME`,`STATION_ID`) VALUES('2000000019', '0', 'Screen_Tablet', 'Screen_Tablet', NULL, NULL, 'ALLOW', NULL, 'm2g', 'folder', '16x9', '__INTERNAL_MJ_2000000019', NULL) ON DUPLICATE KEY UPDATE MEDIA_ASPECT_RATIO = '16x9';


INSERT INTO `dam`.`FOLDER_INVENTORY`(`CHAPTERIZED_CONTENT`,`EXPIRES`,`GENRE`,`KEYWORD`,`MCDPATH`,`NETWORK`,`PLAYLIST_ENABLED`,`PROVIDER_ID`,`SHOW`,`START_OF_AVAILABILITY`,`THUMBNAIL_LOCATION`,`TOTAL_NUMBER_OF_PARTS`,`UI_NAME`,`INVENTORY_ID`,`EPISODE_NUMBER`,`SERIES_NUMBER`) VALUES('FALSE', NULL, '', NULL, '2/2000000000', NULL, 'FALSE', '2', 'FALSE', NULL, NULL, NULL, 'mobi_test//Baseline Content Policy', '2000000000', NULL, NULL) ON DUPLICATE KEY UPDATE PROVIDER_ID = '2';
INSERT INTO `dam`.`FOLDER_INVENTORY`(`CHAPTERIZED_CONTENT`,`EXPIRES`,`GENRE`,`KEYWORD`,`MCDPATH`,`NETWORK`,`PLAYLIST_ENABLED`,`PROVIDER_ID`,`SHOW`,`START_OF_AVAILABILITY`,`THUMBNAIL_LOCATION`,`TOTAL_NUMBER_OF_PARTS`,`UI_NAME`,`INVENTORY_ID`,`EPISODE_NUMBER`,`SERIES_NUMBER`) VALUES('FALSE', NULL, '', NULL, '2/2000000001', NULL, 'FALSE', '2', 'FALSE', NULL, NULL, NULL, 'mobi_test//Device_pc-other', '2000000001', NULL, NULL) ON DUPLICATE KEY UPDATE PROVIDER_ID = '2';
INSERT INTO `dam`.`FOLDER_INVENTORY`(`CHAPTERIZED_CONTENT`,`EXPIRES`,`GENRE`,`KEYWORD`,`MCDPATH`,`NETWORK`,`PLAYLIST_ENABLED`,`PROVIDER_ID`,`SHOW`,`START_OF_AVAILABILITY`,`THUMBNAIL_LOCATION`,`TOTAL_NUMBER_OF_PARTS`,`UI_NAME`,`INVENTORY_ID`,`EPISODE_NUMBER`,`SERIES_NUMBER`) VALUES('FALSE', NULL, '', NULL, '2/2000000002', NULL, 'FALSE', '2', 'FALSE', NULL, NULL, NULL, 'mobi_test//Device_phone-android', '2000000002', NULL, NULL) ON DUPLICATE KEY UPDATE PROVIDER_ID = '2';
INSERT INTO `dam`.`FOLDER_INVENTORY`(`CHAPTERIZED_CONTENT`,`EXPIRES`,`GENRE`,`KEYWORD`,`MCDPATH`,`NETWORK`,`PLAYLIST_ENABLED`,`PROVIDER_ID`,`SHOW`,`START_OF_AVAILABILITY`,`THUMBNAIL_LOCATION`,`TOTAL_NUMBER_OF_PARTS`,`UI_NAME`,`INVENTORY_ID`,`EPISODE_NUMBER`,`SERIES_NUMBER`) VALUES('FALSE', NULL, '', NULL, '2/2000000003', NULL, 'FALSE', '2', 'FALSE', NULL, NULL, NULL, 'mobi_test//Device_phone-iOS', '2000000003', NULL, NULL) ON DUPLICATE KEY UPDATE PROVIDER_ID = '2';
INSERT INTO `dam`.`FOLDER_INVENTORY`(`CHAPTERIZED_CONTENT`,`EXPIRES`,`GENRE`,`KEYWORD`,`MCDPATH`,`NETWORK`,`PLAYLIST_ENABLED`,`PROVIDER_ID`,`SHOW`,`START_OF_AVAILABILITY`,`THUMBNAIL_LOCATION`,`TOTAL_NUMBER_OF_PARTS`,`UI_NAME`,`INVENTORY_ID`,`EPISODE_NUMBER`,`SERIES_NUMBER`) VALUES('FALSE', NULL, '', NULL, '2/2000000004', NULL, 'FALSE', '2', 'FALSE', NULL, NULL, NULL, 'mobi_test//Device_stb-other', '2000000004', NULL, NULL) ON DUPLICATE KEY UPDATE PROVIDER_ID = '2';
INSERT INTO `dam`.`FOLDER_INVENTORY`(`CHAPTERIZED_CONTENT`,`EXPIRES`,`GENRE`,`KEYWORD`,`MCDPATH`,`NETWORK`,`PLAYLIST_ENABLED`,`PROVIDER_ID`,`SHOW`,`START_OF_AVAILABILITY`,`THUMBNAIL_LOCATION`,`TOTAL_NUMBER_OF_PARTS`,`UI_NAME`,`INVENTORY_ID`,`EPISODE_NUMBER`,`SERIES_NUMBER`) VALUES('FALSE', NULL, '', NULL, '2/2000000005', NULL, 'FALSE', '2', 'FALSE', NULL, NULL, NULL, 'mobi_test//Device_tablet-android', '2000000005', NULL, NULL) ON DUPLICATE KEY UPDATE PROVIDER_ID = '2';
INSERT INTO `dam`.`FOLDER_INVENTORY`(`CHAPTERIZED_CONTENT`,`EXPIRES`,`GENRE`,`KEYWORD`,`MCDPATH`,`NETWORK`,`PLAYLIST_ENABLED`,`PROVIDER_ID`,`SHOW`,`START_OF_AVAILABILITY`,`THUMBNAIL_LOCATION`,`TOTAL_NUMBER_OF_PARTS`,`UI_NAME`,`INVENTORY_ID`,`EPISODE_NUMBER`,`SERIES_NUMBER`) VALUES('FALSE', NULL, '', NULL, '2/2000000006', NULL, 'FALSE', '2', 'FALSE', NULL, NULL, NULL, 'mobi_test//Device_tablet-iOS', '2000000006', NULL, NULL) ON DUPLICATE KEY UPDATE PROVIDER_ID = '2';
INSERT INTO `dam`.`FOLDER_INVENTORY`(`CHAPTERIZED_CONTENT`,`EXPIRES`,`GENRE`,`KEYWORD`,`MCDPATH`,`NETWORK`,`PLAYLIST_ENABLED`,`PROVIDER_ID`,`SHOW`,`START_OF_AVAILABILITY`,`THUMBNAIL_LOCATION`,`TOTAL_NUMBER_OF_PARTS`,`UI_NAME`,`INVENTORY_ID`,`EPISODE_NUMBER`,`SERIES_NUMBER`) VALUES('FALSE', NULL, '', NULL, '2/2000000007', NULL, 'FALSE', '2', 'FALSE', NULL, NULL, NULL, 'mobi_test//Location_India', '2000000007', NULL, NULL) ON DUPLICATE KEY UPDATE PROVIDER_ID = '2';
INSERT INTO `dam`.`FOLDER_INVENTORY`(`CHAPTERIZED_CONTENT`,`EXPIRES`,`GENRE`,`KEYWORD`,`MCDPATH`,`NETWORK`,`PLAYLIST_ENABLED`,`PROVIDER_ID`,`SHOW`,`START_OF_AVAILABILITY`,`THUMBNAIL_LOCATION`,`TOTAL_NUMBER_OF_PARTS`,`UI_NAME`,`INVENTORY_ID`,`EPISODE_NUMBER`,`SERIES_NUMBER`) VALUES('FALSE', NULL, '', NULL, '2/2000000008', NULL, 'FALSE', '2', 'FALSE', NULL, NULL, NULL, 'mobi_test//Location_United States', '2000000008', NULL, NULL) ON DUPLICATE KEY UPDATE PROVIDER_ID = '2';
INSERT INTO `dam`.`FOLDER_INVENTORY`(`CHAPTERIZED_CONTENT`,`EXPIRES`,`GENRE`,`KEYWORD`,`MCDPATH`,`NETWORK`,`PLAYLIST_ENABLED`,`PROVIDER_ID`,`SHOW`,`START_OF_AVAILABILITY`,`THUMBNAIL_LOCATION`,`TOTAL_NUMBER_OF_PARTS`,`UI_NAME`,`INVENTORY_ID`,`EPISODE_NUMBER`,`SERIES_NUMBER`) VALUES('FALSE', NULL, '', NULL, '2/2000000009', NULL, 'FALSE', '2', 'FALSE', NULL, NULL, NULL, 'mobi_test//Location_United States Minor Outlying Islands', '2000000009', NULL, NULL) ON DUPLICATE KEY UPDATE PROVIDER_ID = '2';
INSERT INTO `dam`.`FOLDER_INVENTORY`(`CHAPTERIZED_CONTENT`,`EXPIRES`,`GENRE`,`KEYWORD`,`MCDPATH`,`NETWORK`,`PLAYLIST_ENABLED`,`PROVIDER_ID`,`SHOW`,`START_OF_AVAILABILITY`,`THUMBNAIL_LOCATION`,`TOTAL_NUMBER_OF_PARTS`,`UI_NAME`,`INVENTORY_ID`,`EPISODE_NUMBER`,`SERIES_NUMBER`) VALUES('FALSE', NULL, '', NULL, '2/2000000010', NULL, 'FALSE', '2', 'FALSE', NULL, NULL, NULL, 'mobi_test//Max_H3', '2000000010', NULL, NULL) ON DUPLICATE KEY UPDATE PROVIDER_ID = '2';
INSERT INTO `dam`.`FOLDER_INVENTORY`(`CHAPTERIZED_CONTENT`,`EXPIRES`,`GENRE`,`KEYWORD`,`MCDPATH`,`NETWORK`,`PLAYLIST_ENABLED`,`PROVIDER_ID`,`SHOW`,`START_OF_AVAILABILITY`,`THUMBNAIL_LOCATION`,`TOTAL_NUMBER_OF_PARTS`,`UI_NAME`,`INVENTORY_ID`,`EPISODE_NUMBER`,`SERIES_NUMBER`) VALUES('FALSE', NULL, '', NULL, '2/2000000011', NULL, 'FALSE', '2', 'FALSE', NULL, NULL, NULL, 'mobi_test//Max_H9', '2000000011', NULL, NULL) ON DUPLICATE KEY UPDATE PROVIDER_ID = '2';
INSERT INTO `dam`.`FOLDER_INVENTORY`(`CHAPTERIZED_CONTENT`,`EXPIRES`,`GENRE`,`KEYWORD`,`MCDPATH`,`NETWORK`,`PLAYLIST_ENABLED`,`PROVIDER_ID`,`SHOW`,`START_OF_AVAILABILITY`,`THUMBNAIL_LOCATION`,`TOTAL_NUMBER_OF_PARTS`,`UI_NAME`,`INVENTORY_ID`,`EPISODE_NUMBER`,`SERIES_NUMBER`) VALUES('FALSE', NULL, '', NULL, '2/2000000012', NULL, 'FALSE', '2', 'FALSE', NULL, NULL, NULL, 'mobi_test//Network_GSM-CDMA', '2000000012', NULL, NULL) ON DUPLICATE KEY UPDATE PROVIDER_ID = '2';
INSERT INTO `dam`.`FOLDER_INVENTORY`(`CHAPTERIZED_CONTENT`,`EXPIRES`,`GENRE`,`KEYWORD`,`MCDPATH`,`NETWORK`,`PLAYLIST_ENABLED`,`PROVIDER_ID`,`SHOW`,`START_OF_AVAILABILITY`,`THUMBNAIL_LOCATION`,`TOTAL_NUMBER_OF_PARTS`,`UI_NAME`,`INVENTORY_ID`,`EPISODE_NUMBER`,`SERIES_NUMBER`) VALUES('FALSE', NULL, '', NULL, '2/2000000013', NULL, 'FALSE', '2', 'FALSE', NULL, NULL, NULL, 'mobi_test//Network_LTE', '2000000013', NULL, NULL) ON DUPLICATE KEY UPDATE PROVIDER_ID = '2';
INSERT INTO `dam`.`FOLDER_INVENTORY`(`CHAPTERIZED_CONTENT`,`EXPIRES`,`GENRE`,`KEYWORD`,`MCDPATH`,`NETWORK`,`PLAYLIST_ENABLED`,`PROVIDER_ID`,`SHOW`,`START_OF_AVAILABILITY`,`THUMBNAIL_LOCATION`,`TOTAL_NUMBER_OF_PARTS`,`UI_NAME`,`INVENTORY_ID`,`EPISODE_NUMBER`,`SERIES_NUMBER`) VALUES('FALSE', NULL, '', NULL, '2/2000000014', NULL, 'FALSE', '2', 'FALSE', NULL, NULL, NULL, 'mobi_test//Network_WiFi-ETH', '2000000014', NULL, NULL) ON DUPLICATE KEY UPDATE PROVIDER_ID = '2';
INSERT INTO `dam`.`FOLDER_INVENTORY`(`CHAPTERIZED_CONTENT`,`EXPIRES`,`GENRE`,`KEYWORD`,`MCDPATH`,`NETWORK`,`PLAYLIST_ENABLED`,`PROVIDER_ID`,`SHOW`,`START_OF_AVAILABILITY`,`THUMBNAIL_LOCATION`,`TOTAL_NUMBER_OF_PARTS`,`UI_NAME`,`INVENTORY_ID`,`EPISODE_NUMBER`,`SERIES_NUMBER`) VALUES('FALSE', NULL, '', NULL, '2/2000000015', NULL, 'FALSE', '2', 'FALSE', NULL, NULL, NULL, 'mobi_test//Screen_ExternalDisplay', '2000000015', NULL, NULL) ON DUPLICATE KEY UPDATE PROVIDER_ID = '2';
INSERT INTO `dam`.`FOLDER_INVENTORY`(`CHAPTERIZED_CONTENT`,`EXPIRES`,`GENRE`,`KEYWORD`,`MCDPATH`,`NETWORK`,`PLAYLIST_ENABLED`,`PROVIDER_ID`,`SHOW`,`START_OF_AVAILABILITY`,`THUMBNAIL_LOCATION`,`TOTAL_NUMBER_OF_PARTS`,`UI_NAME`,`INVENTORY_ID`,`EPISODE_NUMBER`,`SERIES_NUMBER`) VALUES('FALSE', NULL, '', NULL, '2/2000000016', NULL, 'FALSE', '2', 'FALSE', NULL, NULL, NULL, 'mobi_test//Screen_HDCP', '2000000016', NULL, NULL) ON DUPLICATE KEY UPDATE PROVIDER_ID = '2';
INSERT INTO `dam`.`FOLDER_INVENTORY`(`CHAPTERIZED_CONTENT`,`EXPIRES`,`GENRE`,`KEYWORD`,`MCDPATH`,`NETWORK`,`PLAYLIST_ENABLED`,`PROVIDER_ID`,`SHOW`,`START_OF_AVAILABILITY`,`THUMBNAIL_LOCATION`,`TOTAL_NUMBER_OF_PARTS`,`UI_NAME`,`INVENTORY_ID`,`EPISODE_NUMBER`,`SERIES_NUMBER`) VALUES('FALSE', NULL, '', NULL, '2/2000000017', NULL, 'FALSE', '2', 'FALSE', NULL, NULL, NULL, 'mobi_test//Screen_Phone', '2000000017', NULL, NULL) ON DUPLICATE KEY UPDATE PROVIDER_ID = '2';
INSERT INTO `dam`.`FOLDER_INVENTORY`(`CHAPTERIZED_CONTENT`,`EXPIRES`,`GENRE`,`KEYWORD`,`MCDPATH`,`NETWORK`,`PLAYLIST_ENABLED`,`PROVIDER_ID`,`SHOW`,`START_OF_AVAILABILITY`,`THUMBNAIL_LOCATION`,`TOTAL_NUMBER_OF_PARTS`,`UI_NAME`,`INVENTORY_ID`,`EPISODE_NUMBER`,`SERIES_NUMBER`) VALUES('FALSE', NULL, '', NULL, '2/2000000018', NULL, 'FALSE', '2', 'FALSE', NULL, NULL, NULL, 'mobi_test//Screen_STB', '2000000018', NULL, NULL) ON DUPLICATE KEY UPDATE PROVIDER_ID = '2';
INSERT INTO `dam`.`FOLDER_INVENTORY`(`CHAPTERIZED_CONTENT`,`EXPIRES`,`GENRE`,`KEYWORD`,`MCDPATH`,`NETWORK`,`PLAYLIST_ENABLED`,`PROVIDER_ID`,`SHOW`,`START_OF_AVAILABILITY`,`THUMBNAIL_LOCATION`,`TOTAL_NUMBER_OF_PARTS`,`UI_NAME`,`INVENTORY_ID`,`EPISODE_NUMBER`,`SERIES_NUMBER`) VALUES('FALSE', NULL, '', NULL, '2/2000000019', NULL, 'FALSE', '2', 'FALSE', NULL, NULL, NULL, 'mobi_test//Screen_Tablet', '2000000019', NULL, NULL) ON DUPLICATE KEY UPDATE PROVIDER_ID = '2';


INSERT INTO `dam`.`TV_FOLDER_ITEM`(`ID`,`CREATED_TIME`,`DISPLAY_CODE`,`DISPLAY_ORDER`,`ITEM_INVENTORY_ID`,`LAST_UPDATED_TIME`,`LAST_UPDATED_BY`,`FOLDER_INVENTORY_ID`) VALUES('2000000000', '2013-10-03 20:25:04', 'inv2000000000', '899110034', '2000000000', '2013-10-03 20:25:04', 'JB', '2') ON DUPLICATE KEY UPDATE LAST_UPDATED_BY = 'JB';
INSERT INTO `dam`.`TV_FOLDER_ITEM`(`ID`,`CREATED_TIME`,`DISPLAY_CODE`,`DISPLAY_ORDER`,`ITEM_INVENTORY_ID`,`LAST_UPDATED_TIME`,`LAST_UPDATED_BY`,`FOLDER_INVENTORY_ID`) VALUES('2000000001', '2013-10-03 20:25:05', 'inv2000000001', '899110033', '2000000001', '2013-10-03 20:25:05', 'JB', '2') ON DUPLICATE KEY UPDATE LAST_UPDATED_BY = 'JB';
INSERT INTO `dam`.`TV_FOLDER_ITEM`(`ID`,`CREATED_TIME`,`DISPLAY_CODE`,`DISPLAY_ORDER`,`ITEM_INVENTORY_ID`,`LAST_UPDATED_TIME`,`LAST_UPDATED_BY`,`FOLDER_INVENTORY_ID`) VALUES('2000000002', '2013-10-03 20:25:05', 'inv2000000002', '899110032', '2000000002', '2013-10-03 20:25:05', 'JB', '2') ON DUPLICATE KEY UPDATE LAST_UPDATED_BY = 'JB';
INSERT INTO `dam`.`TV_FOLDER_ITEM`(`ID`,`CREATED_TIME`,`DISPLAY_CODE`,`DISPLAY_ORDER`,`ITEM_INVENTORY_ID`,`LAST_UPDATED_TIME`,`LAST_UPDATED_BY`,`FOLDER_INVENTORY_ID`) VALUES('2000000003', '2013-10-03 20:25:06', 'inv2000000003', '899110031', '2000000003', '2013-10-03 20:25:06', 'JB', '2') ON DUPLICATE KEY UPDATE LAST_UPDATED_BY = 'JB';
INSERT INTO `dam`.`TV_FOLDER_ITEM`(`ID`,`CREATED_TIME`,`DISPLAY_CODE`,`DISPLAY_ORDER`,`ITEM_INVENTORY_ID`,`LAST_UPDATED_TIME`,`LAST_UPDATED_BY`,`FOLDER_INVENTORY_ID`) VALUES('2000000004', '2013-10-03 20:25:06', 'inv2000000004', '899110030', '2000000004', '2013-10-03 20:25:06', 'JB', '2') ON DUPLICATE KEY UPDATE LAST_UPDATED_BY = 'JB';
INSERT INTO `dam`.`TV_FOLDER_ITEM`(`ID`,`CREATED_TIME`,`DISPLAY_CODE`,`DISPLAY_ORDER`,`ITEM_INVENTORY_ID`,`LAST_UPDATED_TIME`,`LAST_UPDATED_BY`,`FOLDER_INVENTORY_ID`) VALUES('2000000005', '2013-10-03 20:25:07', 'inv2000000005', '899110029', '2000000005', '2013-10-03 20:25:07', 'JB', '2') ON DUPLICATE KEY UPDATE LAST_UPDATED_BY = 'JB';
INSERT INTO `dam`.`TV_FOLDER_ITEM`(`ID`,`CREATED_TIME`,`DISPLAY_CODE`,`DISPLAY_ORDER`,`ITEM_INVENTORY_ID`,`LAST_UPDATED_TIME`,`LAST_UPDATED_BY`,`FOLDER_INVENTORY_ID`) VALUES('2000000006', '2013-10-03 20:25:08', 'inv2000000006', '899110028', '2000000006', '2013-10-03 20:25:08', 'JB', '2') ON DUPLICATE KEY UPDATE LAST_UPDATED_BY = 'JB';
INSERT INTO `dam`.`TV_FOLDER_ITEM`(`ID`,`CREATED_TIME`,`DISPLAY_CODE`,`DISPLAY_ORDER`,`ITEM_INVENTORY_ID`,`LAST_UPDATED_TIME`,`LAST_UPDATED_BY`,`FOLDER_INVENTORY_ID`) VALUES('2000000007', '2013-10-03 20:25:08', 'inv2000000007', '899110027', '2000000007', '2013-10-03 20:25:08', 'JB', '2') ON DUPLICATE KEY UPDATE LAST_UPDATED_BY = 'JB';
INSERT INTO `dam`.`TV_FOLDER_ITEM`(`ID`,`CREATED_TIME`,`DISPLAY_CODE`,`DISPLAY_ORDER`,`ITEM_INVENTORY_ID`,`LAST_UPDATED_TIME`,`LAST_UPDATED_BY`,`FOLDER_INVENTORY_ID`) VALUES('2000000008', '2013-10-03 20:25:09', 'inv2000000008', '899110026', '2000000008', '2013-10-03 20:25:09', 'JB', '2') ON DUPLICATE KEY UPDATE LAST_UPDATED_BY = 'JB';
INSERT INTO `dam`.`TV_FOLDER_ITEM`(`ID`,`CREATED_TIME`,`DISPLAY_CODE`,`DISPLAY_ORDER`,`ITEM_INVENTORY_ID`,`LAST_UPDATED_TIME`,`LAST_UPDATED_BY`,`FOLDER_INVENTORY_ID`) VALUES('2000000009', '2013-10-03 20:25:09', 'inv2000000009', '899110025', '2000000009', '2013-10-03 20:25:09', 'JB', '2') ON DUPLICATE KEY UPDATE LAST_UPDATED_BY = 'JB';
INSERT INTO `dam`.`TV_FOLDER_ITEM`(`ID`,`CREATED_TIME`,`DISPLAY_CODE`,`DISPLAY_ORDER`,`ITEM_INVENTORY_ID`,`LAST_UPDATED_TIME`,`LAST_UPDATED_BY`,`FOLDER_INVENTORY_ID`) VALUES('2000000010', '2013-10-03 20:25:10', 'inv2000000010', '899110024', '2000000010', '2013-10-03 20:25:10', 'JB', '2') ON DUPLICATE KEY UPDATE LAST_UPDATED_BY = 'JB';
INSERT INTO `dam`.`TV_FOLDER_ITEM`(`ID`,`CREATED_TIME`,`DISPLAY_CODE`,`DISPLAY_ORDER`,`ITEM_INVENTORY_ID`,`LAST_UPDATED_TIME`,`LAST_UPDATED_BY`,`FOLDER_INVENTORY_ID`) VALUES('2000000011', '2013-10-03 20:25:10', 'inv2000000011', '899110023', '2000000011', '2013-10-03 20:25:10', 'JB', '2') ON DUPLICATE KEY UPDATE LAST_UPDATED_BY = 'JB';
INSERT INTO `dam`.`TV_FOLDER_ITEM`(`ID`,`CREATED_TIME`,`DISPLAY_CODE`,`DISPLAY_ORDER`,`ITEM_INVENTORY_ID`,`LAST_UPDATED_TIME`,`LAST_UPDATED_BY`,`FOLDER_INVENTORY_ID`) VALUES('2000000012', '2013-10-03 20:25:10', 'inv2000000012', '899110022', '2000000012', '2013-10-03 20:25:10', 'JB', '2') ON DUPLICATE KEY UPDATE LAST_UPDATED_BY = 'JB';
INSERT INTO `dam`.`TV_FOLDER_ITEM`(`ID`,`CREATED_TIME`,`DISPLAY_CODE`,`DISPLAY_ORDER`,`ITEM_INVENTORY_ID`,`LAST_UPDATED_TIME`,`LAST_UPDATED_BY`,`FOLDER_INVENTORY_ID`) VALUES('2000000013', '2013-10-03 20:25:11', 'inv2000000013', '899110021', '2000000013', '2013-10-03 20:25:11', 'JB', '2') ON DUPLICATE KEY UPDATE LAST_UPDATED_BY = 'JB';
INSERT INTO `dam`.`TV_FOLDER_ITEM`(`ID`,`CREATED_TIME`,`DISPLAY_CODE`,`DISPLAY_ORDER`,`ITEM_INVENTORY_ID`,`LAST_UPDATED_TIME`,`LAST_UPDATED_BY`,`FOLDER_INVENTORY_ID`) VALUES('2000000014', '2013-10-03 20:25:11', 'inv2000000014', '899110020', '2000000014', '2013-10-03 20:25:11', 'JB', '2') ON DUPLICATE KEY UPDATE LAST_UPDATED_BY = 'JB';
INSERT INTO `dam`.`TV_FOLDER_ITEM`(`ID`,`CREATED_TIME`,`DISPLAY_CODE`,`DISPLAY_ORDER`,`ITEM_INVENTORY_ID`,`LAST_UPDATED_TIME`,`LAST_UPDATED_BY`,`FOLDER_INVENTORY_ID`) VALUES('2000000015', '2013-10-03 20:25:12', 'inv2000000015', '899110019', '2000000015', '2013-10-03 20:25:12', 'JB', '2') ON DUPLICATE KEY UPDATE LAST_UPDATED_BY = 'JB';
INSERT INTO `dam`.`TV_FOLDER_ITEM`(`ID`,`CREATED_TIME`,`DISPLAY_CODE`,`DISPLAY_ORDER`,`ITEM_INVENTORY_ID`,`LAST_UPDATED_TIME`,`LAST_UPDATED_BY`,`FOLDER_INVENTORY_ID`) VALUES('2000000016', '2013-10-03 20:25:12', 'inv2000000016', '899110018', '2000000016', '2013-10-03 20:25:12', 'JB', '2') ON DUPLICATE KEY UPDATE LAST_UPDATED_BY = 'JB';
INSERT INTO `dam`.`TV_FOLDER_ITEM`(`ID`,`CREATED_TIME`,`DISPLAY_CODE`,`DISPLAY_ORDER`,`ITEM_INVENTORY_ID`,`LAST_UPDATED_TIME`,`LAST_UPDATED_BY`,`FOLDER_INVENTORY_ID`) VALUES('2000000017', '2013-10-03 20:25:13', 'inv2000000017', '899110017', '2000000017', '2013-10-03 20:25:13', 'JB', '2') ON DUPLICATE KEY UPDATE LAST_UPDATED_BY = 'JB';
INSERT INTO `dam`.`TV_FOLDER_ITEM`(`ID`,`CREATED_TIME`,`DISPLAY_CODE`,`DISPLAY_ORDER`,`ITEM_INVENTORY_ID`,`LAST_UPDATED_TIME`,`LAST_UPDATED_BY`,`FOLDER_INVENTORY_ID`) VALUES('2000000018', '2013-10-03 20:25:14', 'inv2000000018', '899110016', '2000000018', '2013-10-03 20:25:14', 'JB', '2') ON DUPLICATE KEY UPDATE LAST_UPDATED_BY = 'JB';
INSERT INTO `dam`.`TV_FOLDER_ITEM`(`ID`,`CREATED_TIME`,`DISPLAY_CODE`,`DISPLAY_ORDER`,`ITEM_INVENTORY_ID`,`LAST_UPDATED_TIME`,`LAST_UPDATED_BY`,`FOLDER_INVENTORY_ID`) VALUES('2000000019', '2013-10-03 20:25:14', 'inv2000000019', '899110015', '2000000019', '2013-10-03 20:25:14', 'JB', '2') ON DUPLICATE KEY UPDATE LAST_UPDATED_BY = 'JB';


ALTER TABLE `dam`.`CONV_INVENTORY` CHANGE COLUMN `INTERNAL_NAME` `INTERNAL_NAME` VARCHAR(255) NULL  ;


INSERT INTO `dam`.`TV_INVENTORY`(`INVENTORY_ID`,`BACKEND_CHANNEL`,`DESCRIPTION`,`DISPLAY_NAME`,`ICON_NAME`,`JUKEBOX_CHANNEL_ID`,`LBS_DEFAULT_RULE`,`LONG_NAME`,`MEDIA_RESTRICTIONS`,`MEDIATYPE`,`MEDIA_ASPECT_RATIO`,`NAME`,`STATION_ID`) VALUES('1999999990', '0', 'Quality-Max_Height_400', 'Quality-Max_Height_400', NULL, NULL, 'ALLOW', NULL, 'm2g', 'folder', '16x9', '__INTERNAL_MJ_1999999990', NULL) ON DUPLICATE KEY UPDATE MEDIA_ASPECT_RATIO = '16x9';
INSERT INTO `dam`.`TV_INVENTORY`(`INVENTORY_ID`,`BACKEND_CHANNEL`,`DESCRIPTION`,`DISPLAY_NAME`,`ICON_NAME`,`JUKEBOX_CHANNEL_ID`,`LBS_DEFAULT_RULE`,`LONG_NAME`,`MEDIA_RESTRICTIONS`,`MEDIATYPE`,`MEDIA_ASPECT_RATIO`,`NAME`,`STATION_ID`) VALUES('1999999991', '0', 'Quality-Max_Width_300', 'Quality-Max_Width_300', NULL, NULL, 'ALLOW', NULL, 'm2g', 'folder', '16x9', '__INTERNAL_MJ_1999999991', NULL) ON DUPLICATE KEY UPDATE MEDIA_ASPECT_RATIO = '16x9';
INSERT INTO `dam`.`TV_INVENTORY`(`INVENTORY_ID`,`BACKEND_CHANNEL`,`DESCRIPTION`,`DISPLAY_NAME`,`ICON_NAME`,`JUKEBOX_CHANNEL_ID`,`LBS_DEFAULT_RULE`,`LONG_NAME`,`MEDIA_RESTRICTIONS`,`MEDIATYPE`,`MEDIA_ASPECT_RATIO`,`NAME`,`STATION_ID`) VALUES('1999999992', '0', 'Quality-Max_Bitrate_300', 'Quality-Max_Bitrate_300', NULL, NULL, 'ALLOW', NULL, 'm2g', 'folder', '16x9', '__INTERNAL_MJ_1999999992', NULL) ON DUPLICATE KEY UPDATE MEDIA_ASPECT_RATIO = '16x9';

INSERT INTO `dam`.`FOLDER_INVENTORY`(`CHAPTERIZED_CONTENT`,`EXPIRES`,`GENRE`,`KEYWORD`,`MCDPATH`,`NETWORK`,`PLAYLIST_ENABLED`,`PROVIDER_ID`,`SHOW`,`START_OF_AVAILABILITY`,`THUMBNAIL_LOCATION`,`TOTAL_NUMBER_OF_PARTS`,`UI_NAME`,`INVENTORY_ID`,`EPISODE_NUMBER`,`SERIES_NUMBER`) VALUES('FALSE', NULL, '', NULL, '2/1999999990', NULL, 'FALSE', '2', 'FALSE', NULL, NULL, NULL, 'mobi_test//Quality-Max_Height_400', '1999999990', NULL, NULL) ON DUPLICATE KEY UPDATE PROVIDER_ID = '2';
INSERT INTO `dam`.`FOLDER_INVENTORY`(`CHAPTERIZED_CONTENT`,`EXPIRES`,`GENRE`,`KEYWORD`,`MCDPATH`,`NETWORK`,`PLAYLIST_ENABLED`,`PROVIDER_ID`,`SHOW`,`START_OF_AVAILABILITY`,`THUMBNAIL_LOCATION`,`TOTAL_NUMBER_OF_PARTS`,`UI_NAME`,`INVENTORY_ID`,`EPISODE_NUMBER`,`SERIES_NUMBER`) VALUES('FALSE', NULL, '', NULL, '2/1999999991', NULL, 'FALSE', '2', 'FALSE', NULL, NULL, NULL, 'mobi_test//Quality-Max_Width_300', '1999999991', NULL, NULL) ON DUPLICATE KEY UPDATE PROVIDER_ID = '2';
INSERT INTO `dam`.`FOLDER_INVENTORY`(`CHAPTERIZED_CONTENT`,`EXPIRES`,`GENRE`,`KEYWORD`,`MCDPATH`,`NETWORK`,`PLAYLIST_ENABLED`,`PROVIDER_ID`,`SHOW`,`START_OF_AVAILABILITY`,`THUMBNAIL_LOCATION`,`TOTAL_NUMBER_OF_PARTS`,`UI_NAME`,`INVENTORY_ID`,`EPISODE_NUMBER`,`SERIES_NUMBER`) VALUES('FALSE', NULL, '', NULL, '2/1999999992', NULL, 'FALSE', '2', 'FALSE', NULL, NULL, NULL, 'mobi_test//Quality-Max_Bitrate_300', '1999999992', NULL, NULL) ON DUPLICATE KEY UPDATE PROVIDER_ID = '2';

INSERT INTO `dam`.`TV_FOLDER_ITEM`(`ID`,`CREATED_TIME`,`DISPLAY_CODE`,`DISPLAY_ORDER`,`ITEM_INVENTORY_ID`,`LAST_UPDATED_TIME`,`LAST_UPDATED_BY`,`FOLDER_INVENTORY_ID`) VALUES('1999999990', '2013-10-03 20:25:04', 'inv1999999990', '899110034', '1999999990', '2013-10-03 20:25:04', 'JB', '2') ON DUPLICATE KEY UPDATE LAST_UPDATED_BY = 'JB';
INSERT INTO `dam`.`TV_FOLDER_ITEM`(`ID`,`CREATED_TIME`,`DISPLAY_CODE`,`DISPLAY_ORDER`,`ITEM_INVENTORY_ID`,`LAST_UPDATED_TIME`,`LAST_UPDATED_BY`,`FOLDER_INVENTORY_ID`) VALUES('1999999991', '2013-10-03 20:25:05', 'inv1999999991', '899110033', '1999999991', '2013-10-03 20:25:05', 'JB', '2') ON DUPLICATE KEY UPDATE LAST_UPDATED_BY = 'JB';
INSERT INTO `dam`.`TV_FOLDER_ITEM`(`ID`,`CREATED_TIME`,`DISPLAY_CODE`,`DISPLAY_ORDER`,`ITEM_INVENTORY_ID`,`LAST_UPDATED_TIME`,`LAST_UPDATED_BY`,`FOLDER_INVENTORY_ID`) VALUES('1999999992', '2013-10-03 20:25:05', 'inv1999999992', '899110032', '1999999992', '2013-10-03 20:25:05', 'JB', '2') ON DUPLICATE KEY UPDATE LAST_UPDATED_BY = 'JB';



INSERT INTO `dam`.`TV_INVENTORY`(`INVENTORY_ID`,`BACKEND_CHANNEL`,`DESCRIPTION`,`DISPLAY_NAME`,`ICON_NAME`,`JUKEBOX_CHANNEL_ID`,`LBS_DEFAULT_RULE`,`LONG_NAME`,`MEDIA_RESTRICTIONS`,`MEDIATYPE`,`MEDIA_ASPECT_RATIO`,`NAME`,`STATION_ID`) VALUES('1999999993', '0', 'Quality-Max_Height_360', 'Quality-Max_Height_360', NULL, NULL, 'ALLOW', NULL, 'm2g', 'folder', '16x9', '__INTERNAL_MJ_1999999993', NULL) ON DUPLICATE KEY UPDATE MEDIA_ASPECT_RATIO = '16x9';
INSERT INTO `dam`.`TV_INVENTORY`(`INVENTORY_ID`,`BACKEND_CHANNEL`,`DESCRIPTION`,`DISPLAY_NAME`,`ICON_NAME`,`JUKEBOX_CHANNEL_ID`,`LBS_DEFAULT_RULE`,`LONG_NAME`,`MEDIA_RESTRICTIONS`,`MEDIATYPE`,`MEDIA_ASPECT_RATIO`,`NAME`,`STATION_ID`) VALUES('1999999994', '0', 'Quality-Max_Width_480', 'Quality-Max_Width_480', NULL, NULL, 'ALLOW', NULL, 'm2g', 'folder', '16x9', '__INTERNAL_MJ_1999999994', NULL) ON DUPLICATE KEY UPDATE MEDIA_ASPECT_RATIO = '16x9';

INSERT INTO `dam`.`FOLDER_INVENTORY`(`CHAPTERIZED_CONTENT`,`EXPIRES`,`GENRE`,`KEYWORD`,`MCDPATH`,`NETWORK`,`PLAYLIST_ENABLED`,`PROVIDER_ID`,`SHOW`,`START_OF_AVAILABILITY`,`THUMBNAIL_LOCATION`,`TOTAL_NUMBER_OF_PARTS`,`UI_NAME`,`INVENTORY_ID`,`EPISODE_NUMBER`,`SERIES_NUMBER`) VALUES('FALSE', NULL, '', NULL, '2/1999999993', NULL, 'FALSE', '2', 'FALSE', NULL, NULL, NULL, 'mobi_test//Quality-Max_Height_360', '1999999993', NULL, NULL) ON DUPLICATE KEY UPDATE PROVIDER_ID = '2';
INSERT INTO `dam`.`FOLDER_INVENTORY`(`CHAPTERIZED_CONTENT`,`EXPIRES`,`GENRE`,`KEYWORD`,`MCDPATH`,`NETWORK`,`PLAYLIST_ENABLED`,`PROVIDER_ID`,`SHOW`,`START_OF_AVAILABILITY`,`THUMBNAIL_LOCATION`,`TOTAL_NUMBER_OF_PARTS`,`UI_NAME`,`INVENTORY_ID`,`EPISODE_NUMBER`,`SERIES_NUMBER`) VALUES('FALSE', NULL, '', NULL, '2/1999999994', NULL, 'FALSE', '2', 'FALSE', NULL, NULL, NULL, 'mobi_test//Quality-Max_Width_480', '1999999994', NULL, NULL) ON DUPLICATE KEY UPDATE PROVIDER_ID = '2';

INSERT INTO `dam`.`TV_FOLDER_ITEM`(`ID`,`CREATED_TIME`,`DISPLAY_CODE`,`DISPLAY_ORDER`,`ITEM_INVENTORY_ID`,`LAST_UPDATED_TIME`,`LAST_UPDATED_BY`,`FOLDER_INVENTORY_ID`) VALUES('1999999993', '2013-10-03 20:25:04', 'inv1999999993', '899110035', '1999999993', '2013-10-03 20:25:04', 'JB', '2') ON DUPLICATE KEY UPDATE LAST_UPDATED_BY = 'JB';
INSERT INTO `dam`.`TV_FOLDER_ITEM`(`ID`,`CREATED_TIME`,`DISPLAY_CODE`,`DISPLAY_ORDER`,`ITEM_INVENTORY_ID`,`LAST_UPDATED_TIME`,`LAST_UPDATED_BY`,`FOLDER_INVENTORY_ID`) VALUES('1999999994', '2013-10-03 20:25:05', 'inv1999999994', '899110036', '1999999994', '2013-10-03 20:25:05', 'JB', '2') ON DUPLICATE KEY UPDATE LAST_UPDATED_BY = 'JB';
