-- MySQL dump 10.11
--
-- Host: localhost    Database: mobi2lite
-- ------------------------------------------------------
-- Server version	5.0.95

/*!40101 SET @OLD_CHARACTER_SET_CLIENT=@@CHARACTER_SET_CLIENT */;
/*!40101 SET @OLD_CHARACTER_SET_RESULTS=@@CHARACTER_SET_RESULTS */;
/*!40101 SET @OLD_COLLATION_CONNECTION=@@COLLATION_CONNECTION */;
/*!40101 SET NAMES utf8 */;
/*!40103 SET @OLD_TIME_ZONE=@@TIME_ZONE */;
/*!40103 SET TIME_ZONE='+00:00' */;
/*!40014 SET @OLD_UNIQUE_CHECKS=@@UNIQUE_CHECKS, UNIQUE_CHECKS=0 */;
/*!40014 SET @OLD_FOREIGN_KEY_CHECKS=@@FOREIGN_KEY_CHECKS, FOREIGN_KEY_CHECKS=0 */;
/*!40101 SET @OLD_SQL_MODE=@@SQL_MODE, SQL_MODE='NO_AUTO_VALUE_ON_ZERO' */;
/*!40111 SET @OLD_SQL_NOTES=@@SQL_NOTES, SQL_NOTES=0 */;

--
-- Table structure for table `CONTENT`
--

DROP TABLE IF EXISTS `CONTENT`;
/*!40101 SET @saved_cs_client     = @@character_set_client */;
/*!40101 SET character_set_client = utf8 */;
CREATE TABLE `CONTENT` (
  `ACTUAL_LOCATION` varchar(255) NOT NULL,
  `IS_AD` bit(1) default NULL,
  `CHECKSUM` varchar(255) default NULL,
  `CONSUMED` varchar(255) NOT NULL,
  `CRID` varchar(255) NOT NULL,
  `DURATION` float NOT NULL,
  `EXPIRES` datetime default NULL,
  `GENRE` varchar(255) default NULL,
  `IS_INTERSTITIAL` varchar(255) default NULL,
  `KEYWORD` varchar(255) default NULL,
  `LASTMOD` datetime default NULL,
  `NUM_FRAMES` bigint(20) default NULL,
  `ORIGINAL_LOCATION` varchar(255) default NULL,
  `PROVIDER_ID` bigint(20) NOT NULL,
  `SLOT` bigint(20) NOT NULL,
  `START_OF_AVAILABILITY` datetime default NULL,
  `STATUS` bigint(20) NOT NULL,
  `UPLOAD_DATE` datetime NOT NULL,
  `VERSION` int(11) default NULL,
  `INVENTORY_ID` bigint(20) NOT NULL,
  PRIMARY KEY  (`INVENTORY_ID`),
  KEY `FK6382C05951E0F5B5` (`INVENTORY_ID`),
  CONSTRAINT `FK6382C05951E0F5B5` FOREIGN KEY (`INVENTORY_ID`) REFERENCES `TV_INVENTORY` (`INVENTORY_ID`)
) ENGINE=InnoDB DEFAULT CHARSET=latin1;
/*!40101 SET character_set_client = @saved_cs_client */;

--
-- Dumping data for table `CONTENT`
--

LOCK TABLES `CONTENT` WRITE;
/*!40000 ALTER TABLE `CONTENT` DISABLE KEYS */;
INSERT INTO `CONTENT` (`ACTUAL_LOCATION`, `IS_AD`, `CHECKSUM`, `CONSUMED`, `CRID`, `DURATION`, `EXPIRES`, `GENRE`, `IS_INTERSTITIAL`, `KEYWORD`, `LASTMOD`, `NUM_FRAMES`, `ORIGINAL_LOCATION`, `PROVIDER_ID`, `SLOT`, `START_OF_AVAILABILITY`, `STATUS`, `UPLOAD_DATE`, `VERSION`, `INVENTORY_ID`) VALUES ('/var/Jukebox/vod/chunk/original/1/1/clip','\0',NULL,'0','/redbar26',0,'2012-10-27 00:56:10',NULL,'FALSE',NULL,'2012-10-13 01:41:16',0,'@need_init',2,899999999,'2012-10-13 00:56:10',16,'2012-10-13 00:56:10',NULL,1),('/var/Jukebox/vod/chunk/original/3/3/clip','\0',NULL,'0','/redbar28',0,'2012-10-29 19:54:47',NULL,'FALSE',NULL,'2012-10-31 16:14:08',0,'@need_init',2,899999997,'2012-10-15 19:54:47',16,'2012-10-15 19:54:47',NULL,3),('/var/Jukebox/vod/chunk/original/4/4/clip','\0',NULL,'0','/redbar29',0,'2012-10-29 20:03:33',NULL,'FALSE',NULL,'2012-10-15 20:03:34',0,'@need_init',2,899999996,'2012-10-15 20:03:33',16,'2012-10-15 20:03:34',NULL,4),('/var/Jukebox/vod/chunk/original/5/5/clip','\0',NULL,'0','/redbar30',0,'2012-10-29 20:16:12',NULL,'FALSE',NULL,'2012-10-15 20:16:12',0,'@need_init',2,899999995,'2012-10-15 20:16:12',16,'2012-10-15 20:16:12',NULL,5),('/var/Jukebox/vod/chunk/original/6/6/clip','\0',NULL,'0','/redbar31',0,'2012-10-29 20:29:16',NULL,'FALSE',NULL,'2012-10-15 20:29:16',0,'@need_init',2,899999994,'2012-10-15 20:29:16',16,'2012-10-15 20:29:16',NULL,6),('/var/Jukebox/vod/chunk/original/7/7/clip','\0',NULL,'0','/redbar32',0,'2012-10-29 22:37:52',NULL,'FALSE',NULL,'2012-10-15 22:37:52',0,'@need_init',2,899999993,'2012-10-15 22:37:52',16,'2012-10-15 22:37:52',NULL,7),('/var/Jukebox/vod/chunk/original/8/8/clip','\0',NULL,'0','/redbar33',0,'2012-10-29 23:07:21',NULL,'FALSE',NULL,'2012-10-15 23:07:21',0,'@need_init',2,899999992,'2012-10-15 23:07:21',16,'2012-10-15 23:07:21',NULL,8),('/var/Jukebox/vod/chunk/original/9/9/clip','\0',NULL,'0','/redbar34',0,'2012-10-29 23:12:25',NULL,'FALSE',NULL,'2012-10-15 23:12:25',0,'@need_init',2,899999991,'2012-10-15 23:12:25',16,'2012-10-15 23:12:25',NULL,9),('/var/Jukebox/vod/chunk/original/10/10/clip','\0',NULL,'0','/redbar35',0,'2012-10-29 23:40:16',NULL,'FALSE',NULL,'2012-10-15 23:40:16',0,'@need_init',2,899999990,'2012-10-15 23:40:16',16,'2012-10-15 23:40:16',NULL,10),('/var/Jukebox/vod/chunk/original/11/11/clip','\0',NULL,'0','/redbar36',0,'2012-10-30 01:51:38',NULL,'FALSE',NULL,'2012-10-16 01:55:22',0,'@need_init',2,899999989,'2012-10-16 01:51:38',16,'2012-10-16 01:51:38',NULL,11),('/var/Jukebox/vod/chunk/original/12/12/clip','\0',NULL,'0','/redbar37',0,'2012-10-30 17:16:37',NULL,'FALSE',NULL,'2012-10-16 17:16:37',0,'@need_init',2,899999988,'2012-10-16 17:16:37',16,'2012-10-16 17:16:37',NULL,12),('/var/Jukebox/vod/chunk/original/13/13/clip','\0',NULL,'0','/redbar38',0,'2012-10-30 17:19:10',NULL,'FALSE',NULL,'2012-10-16 17:19:10',0,'@need_init',2,899999987,'2012-10-16 17:19:10',16,'2012-10-16 17:19:10',NULL,13),('/var/Jukebox/vod/chunk/original/14/14/clip','\0',NULL,'0','/redbar39',0,'2012-10-30 18:00:41',NULL,'FALSE',NULL,'2012-10-16 18:06:20',0,'@need_init',2,899999986,'2012-10-16 18:00:41',16,'2012-10-16 18:00:41',NULL,14),('/var/Jukebox/vod/chunk/original/15/15/clip','\0',NULL,'0','/redbar40',0,'2012-10-30 21:10:18',NULL,'FALSE',NULL,'2012-10-16 21:10:19',0,'@need_init',2,899999985,'2012-10-16 21:10:18',16,'2012-10-16 21:10:19',NULL,15),('/var/Jukebox/vod/chunk/original/16/16/clip','\0',NULL,'0','/show1/ep2',0,'2012-10-30 21:12:04',NULL,'FALSE',NULL,'2012-10-16 21:12:04',0,'@need_init',2,899999984,'2012-10-16 21:12:04',16,'2012-10-16 21:12:04',NULL,16),('/var/Jukebox/vod/chunk/original/18/18/clip','\0',NULL,'0','/show1/redbar50',0,'2012-10-31 01:50:13',NULL,'FALSE',NULL,'2012-10-17 01:50:13',0,'@need_init',2,899999982,'2012-10-17 01:50:13',16,'2012-10-17 01:50:13',NULL,18),('/var/Jukebox/vod/chunk/original/20/20/clip','\0',NULL,'0','/show1/episode2/redbar50',0,'2012-10-31 01:53:36',NULL,'FALSE',NULL,'2012-10-17 01:53:36',0,'@need_init',2,899999980,'2012-10-17 01:53:36',16,'2012-10-17 01:53:36',NULL,20),('/var/Jukebox/vod/chunk/original/21/21/clip','\0',NULL,'0','/show1/episode2/redbar51',0,'2012-10-31 23:45:04',NULL,'FALSE',NULL,'2012-10-17 23:50:09',0,'@need_init',2,899999979,'2012-10-17 23:45:04',16,'2012-10-17 23:45:04',NULL,21),('/var/Jukebox/vod/chunk/original/22/22/clip','\0',NULL,'0','/show1/episode2/redbar52',0,'2012-10-31 23:54:45',NULL,'FALSE',NULL,'2012-10-17 23:54:45',0,'@need_init',2,899999978,'2012-10-17 23:54:45',16,'2012-10-17 23:54:45',NULL,22),('/var/Jukebox/vod/chunk/original/23/23/clip','\0',NULL,'0','/show1/episode2/redbar53',0,'2012-11-01 01:02:58',NULL,'FALSE',NULL,'2012-10-18 01:02:58',0,'@need_init',2,899999977,'2012-10-18 01:02:58',16,'2012-10-18 01:02:58',NULL,23),('/var/Jukebox/vod/chunk/original/24/24/clip','\0',NULL,'0','/show1/redbar54',0,'2012-11-02 18:25:24',NULL,'FALSE',NULL,'2012-10-20 00:17:11',0,'@need_init',2,899999976,'2012-10-19 18:25:24',16,'2012-10-19 18:25:24',NULL,24),('/var/Jukebox/vod/chunk/original/25/25/clip','\0',NULL,'0','/show1/redbar55',0,'2012-11-03 00:02:17',NULL,'FALSE',NULL,'2012-10-20 00:02:17',0,'@need_init',2,899999975,'2012-10-20 00:02:17',16,'2012-10-20 00:02:17',NULL,25),('/var/Jukebox/vod/chunk/original/26/26/clip','\0',NULL,'0','/show1/redbar56',0,'2012-11-03 00:18:12',NULL,'FALSE',NULL,'2012-10-20 00:18:23',0,'@need_init',2,899999974,'2012-10-20 00:18:12',16,'2012-10-20 00:18:12',NULL,26),('/var/Jukebox/vod/chunk/original/27/27/clip','\0',NULL,'0','/show1/redbar57',0,'2012-11-03 00:20:18',NULL,'FALSE',NULL,'2012-10-20 00:22:54',0,'@need_init',2,899999973,'2012-10-20 00:20:18',16,'2012-10-20 00:20:18',NULL,27),('/var/Jukebox/vod/chunk/original/28/28/clip','\0',NULL,'0','/show1/redbar58',0,'2012-11-03 01:24:16',NULL,'FALSE',NULL,'2012-10-20 01:24:16',0,'@need_init',2,899999972,'2012-10-20 01:24:16',16,'2012-10-20 01:24:16',NULL,28),('/var/Jukebox/vod/chunk/original/29/29/clip','\0',NULL,'0','/show1/redbar59',0,'2012-11-03 01:48:43',NULL,'FALSE',NULL,'2012-10-20 01:48:43',0,'@need_init',2,899999971,'2012-10-20 01:48:43',16,'2012-10-20 01:48:43',NULL,29),('/var/Jukebox/vod/chunk/original/30/30/clip','\0',NULL,'0','/show1/redbar60',0,'2012-11-03 02:08:23',NULL,'FALSE',NULL,'2012-10-20 02:08:24',0,'@need_init',2,899999970,'2012-10-20 02:08:23',16,'2012-10-20 02:08:24',NULL,30),('/var/Jukebox/vod/chunk/original/31/31/clip','\0',NULL,'0','/show1/redbar61',0,'2012-11-03 02:10:38',NULL,'FALSE',NULL,'2012-10-20 02:10:39',0,'@need_init',2,899999969,'2012-10-20 02:10:38',16,'2012-10-20 02:10:39',NULL,31),('/var/Jukebox/vod/chunk/original/32/32/clip','\0',NULL,'0','/redbar62',0,'2012-11-06 00:18:48',NULL,'FALSE',NULL,'2012-10-23 00:18:48',0,'@need_init',2,899999968,'2012-10-23 00:18:48',16,'2012-10-23 00:18:48',NULL,32),('/var/Jukebox/vod/chunk/original/33/33/clip','\0',NULL,'0','/redbar64',0,'2012-12-03 02:00:00','Drama','FALSE',NULL,'2012-10-31 16:05:55',0,'@need_init',2,899999967,'2012-10-22 02:00:00',16,'2012-10-31 16:05:54',NULL,33),('/var/Jukebox/vod/chunk/original/38/38/clip','\0',NULL,'0','/redbar65',0,'2012-11-10 00:00:00',NULL,'FALSE',NULL,'2012-11-15 02:01:21',0,'http://localhost/redbar.mp4',2,899999962,'2012-10-10 00:00:00',16,'2012-10-31 16:14:57',NULL,38),('/var/Jukebox/vod/chunk/original/40/40/clip','\0',NULL,'0','/redbar66',0,'2012-11-27 22:45:51',NULL,'FALSE',NULL,'2012-11-13 22:45:51',0,'@need_init',2,899999960,'2012-11-13 22:45:51',16,'2012-11-13 22:45:51',NULL,40),('/var/Jukebox/vod/chunk/original/41/41/clip','\0',NULL,'0','/redbar67',0,'2012-11-27 22:48:14',NULL,'FALSE',NULL,'2012-11-13 22:48:14',0,'@need_init',2,899999959,'2012-11-13 22:48:14',16,'2012-11-13 22:48:14',NULL,41),('/var/Jukebox/vod/chunk/original/42/42/clip','\0',NULL,'0','/redbar68',0,'2012-11-27 23:38:42',NULL,'FALSE',NULL,'2012-11-13 23:38:42',0,'@need_init',2,899999958,'2012-11-13 23:38:42',16,'2012-11-13 23:38:42',NULL,42),('/var/Jukebox/vod/chunk/original/43/43/clip','\0',NULL,'0','/redbar69',0,'2012-11-27 23:46:54',NULL,'FALSE',NULL,'2012-11-13 23:46:54',0,'@need_init',2,899999957,'2012-11-13 23:46:54',16,'2012-11-13 23:46:54',NULL,43),('/var/Jukebox/vod/chunk/original/44/44/clip','\0',NULL,'0','/redbar70',0,'2012-11-27 23:47:39',NULL,'FALSE',NULL,'2012-11-13 23:47:39',0,'@need_init',2,899999956,'2012-11-13 23:47:39',16,'2012-11-13 23:47:39',NULL,44),('/var/Jukebox/vod/chunk/original/45/45/clip','\0',NULL,'0','/redbar71',0,'2012-11-27 23:48:44',NULL,'FALSE',NULL,'2012-11-13 23:48:44',0,'@need_init',2,899999955,'2012-11-13 23:48:44',16,'2012-11-13 23:48:44',NULL,45),('/var/Jukebox/vod/chunk/original/46/46/clip','\0',NULL,'0','/redbar72',0,'2012-11-27 23:51:20',NULL,'FALSE',NULL,'2012-11-13 23:51:20',0,'@need_init',2,899999954,'2012-11-13 23:51:20',16,'2012-11-13 23:51:20',NULL,46),('/var/Jukebox/vod/chunk/original/47/47/clip','\0',NULL,'0','/redbar73',0,'2012-11-27 23:53:04',NULL,'FALSE',NULL,'2012-11-13 23:53:04',0,'@need_init',2,899999953,'2012-11-13 23:53:04',16,'2012-11-13 23:53:04',NULL,47),('/var/Jukebox/vod/chunk/original/48/48/clip','\0',NULL,'0','/redbar74',0,'2012-11-27 23:55:51',NULL,'FALSE',NULL,'2012-11-13 23:55:51',0,'@need_init',2,899999952,'2012-11-13 23:55:51',16,'2012-11-13 23:55:51',NULL,48),('/var/Jukebox/vod/chunk/original/49/49/clip','\0',NULL,'0','/redbar75',0,'2012-11-27 23:58:16',NULL,'FALSE',NULL,'2012-11-13 23:58:16',0,'@need_init',2,899999951,'2012-11-13 23:58:16',16,'2012-11-13 23:58:16',NULL,49),('/var/Jukebox/vod/chunk/original/50/50/clip','\0',NULL,'0','/redbar76',0,'2012-11-28 00:01:57',NULL,'FALSE',NULL,'2012-11-14 00:01:57',0,'@need_init',2,899999950,'2012-11-14 00:01:57',16,'2012-11-14 00:01:57',NULL,50),('/var/Jukebox/vod/chunk/original/51/51/clip','\0',NULL,'0','/redbar77',0,'2012-11-28 00:04:05',NULL,'FALSE',NULL,'2012-11-14 00:04:05',0,'@need_init',2,899999949,'2012-11-14 00:04:05',16,'2012-11-14 00:04:05',NULL,51),('/var/Jukebox/vod/chunk/original/52/52/clip','\0',NULL,'0','/redbar78',0,'2012-11-28 00:23:50',NULL,'FALSE',NULL,'2012-11-14 00:23:50',0,'@need_init',2,899999948,'2012-11-14 00:23:50',16,'2012-11-14 00:23:50',NULL,52),('/var/Jukebox/vod/chunk/original/53/53/clip','\0',NULL,'0','/redbar79',0,'2012-11-28 00:28:21',NULL,'FALSE',NULL,'2012-11-14 00:28:21',0,'@need_init',2,899999947,'2012-11-14 00:28:21',16,'2012-11-14 00:28:21',NULL,53),('/var/Jukebox/vod/chunk/original/54/54/clip','\0',NULL,'0','/redbar80',0,'2012-11-28 00:57:35',NULL,'FALSE',NULL,'2012-11-14 00:57:35',0,'@need_init',2,899999946,'2012-11-14 00:57:35',16,'2012-11-14 00:57:35',NULL,54),('/var/Jukebox/vod/chunk/original/55/55/clip','\0',NULL,'0','/redbar81',0,'2012-11-28 00:57:50',NULL,'FALSE',NULL,'2012-11-14 00:57:50',0,'@need_init',2,899999945,'2012-11-14 00:57:50',16,'2012-11-14 00:57:50',NULL,55),('/var/Jukebox/vod/chunk/original/56/56/clip','\0',NULL,'0','/redbar82',0,'2012-11-28 00:58:14',NULL,'FALSE',NULL,'2012-11-14 00:58:14',0,'@need_init',2,899999944,'2012-11-14 00:58:14',16,'2012-11-14 00:58:14',NULL,56),('/var/Jukebox/vod/chunk/original/57/57/clip','\0',NULL,'0','/redbar83',0,'2012-11-28 01:05:14',NULL,'FALSE',NULL,'2012-11-14 01:05:14',0,'@need_init',2,899999943,'2012-11-14 01:05:14',16,'2012-11-14 01:05:14',NULL,57),('/var/Jukebox/vod/chunk/original/58/58/clip','\0',NULL,'0','/redbar84',0,'2012-11-28 01:11:18',NULL,'FALSE',NULL,'2012-11-14 01:11:18',0,'@need_init',2,899999942,'2012-11-14 01:11:18',16,'2012-11-14 01:11:18',NULL,58),('/var/Jukebox/vod/chunk/original/59/59/clip','\0',NULL,'0','/redbar85',0,'2012-11-28 01:57:14',NULL,'FALSE',NULL,'2012-11-14 01:57:14',0,'@need_init',2,899999941,'2012-11-14 01:57:14',16,'2012-11-14 01:57:14',NULL,59),('/var/Jukebox/vod/chunk/original/60/60/clip','\0',NULL,'0','/redbar86',0,'2012-11-28 02:30:18',NULL,'FALSE',NULL,'2012-11-14 02:30:18',0,'@need_init',2,899999940,'2012-11-14 02:30:18',16,'2012-11-14 02:30:18',NULL,60),('/var/Jukebox/vod/chunk/original/61/61/clip','\0',NULL,'0','/redbar119',0,'2012-12-05 01:43:35',NULL,'FALSE',NULL,'2012-11-21 01:43:35',0,'@need_init',2,899999939,'2012-11-21 01:43:35',16,'2012-11-21 01:43:35',NULL,61),('/var/Jukebox/vod/chunk/original/62/62/clip','\0',NULL,'0','/redbar120',0,'2012-12-05 23:02:32',NULL,'FALSE',NULL,'2012-11-21 23:02:32',0,'@need_init',2,899999938,'2012-11-21 23:02:32',16,'2012-11-21 23:02:32',NULL,62),('/var/Jukebox/vod/chunk/original/63/63/clip','\0',NULL,'0','/redbar121',0,'2012-12-05 23:20:12',NULL,'FALSE',NULL,'2012-11-28 02:02:35',0,'@need_init',2,899999937,'2012-11-21 23:20:12',16,'2012-11-21 23:20:12',NULL,63),('/var/Jukebox/vod/chunk/original/64/64/clip','\0',NULL,'0','/redbar123',0,'2012-12-10 23:38:55',NULL,'FALSE',NULL,'2012-11-28 01:57:36',0,'@need_init',2,899999936,'2012-11-26 23:38:55',16,'2012-11-26 23:38:55',NULL,64),('/var/Jukebox/vod/chunk/original/65/65/clip','\0',NULL,'0','/redbar124',0,'2012-12-11 01:22:26',NULL,'FALSE',NULL,'2012-11-28 01:57:26',0,'@need_init',2,899999935,'2012-11-27 01:22:26',16,'2012-11-27 01:22:26',NULL,65),('/var/Jukebox/vod/chunk/original/66/66/clip','\0',NULL,'0','/500k',0,'2012-12-11 20:11:31',NULL,'FALSE',NULL,'2012-11-27 23:36:48',0,'@need_init',2,899999934,'2012-11-27 20:11:31',16,'2012-11-27 20:11:31',NULL,66),('/var/Jukebox/vod/chunk/original/67/67/clip','\0',NULL,'0','/show1/ep1/500k',0,'2012-12-12 00:01:18',NULL,'FALSE',NULL,'2012-12-05 01:10:21',0,'@need_init',2,899999933,'2012-11-28 00:01:18',16,'2012-11-28 00:01:18',NULL,67),('/var/Jukebox/vod/chunk/original/69/69/clip','\0',NULL,'0','/show1/episode2/500k',0,'2012-12-12 00:47:14',NULL,'FALSE',NULL,'2012-12-05 01:10:34',0,'@need_init',2,899999931,'2012-11-28 00:47:14',16,'2012-11-28 00:47:14',NULL,69),('/var/Jukebox/vod/chunk/original/70/70/clip','\0',NULL,'0','/redbar122',0,'2012-11-20 00:00:00','Political Stuff,Stuff','FALSE',NULL,'2012-11-28 01:59:02',0,'http://localhost/redbar.mp4',2,899999930,'2012-10-12 00:00:00',16,'2012-11-28 01:59:02',NULL,70),('/var/Jukebox/vod/chunk/original/71/71/clip','\0',NULL,'0','/redbar8',0,'2012-11-20 00:00:00','Political Stuff,Stuff','FALSE',NULL,'2012-11-28 02:02:48',0,'http://localhost/redbar.mp4',2,899999929,'2012-10-12 00:00:00',16,'2012-11-28 02:02:48',NULL,71),('/var/Jukebox/vod/chunk/original/72/72/clip','\0',NULL,'0','/redbar125',0,'2012-11-20 00:00:00','Political Stuff,Stuff','FALSE',NULL,'2012-11-28 02:10:33',0,'http://localhost/redbar.mp4',2,899999928,'2012-10-12 00:00:00',16,'2012-11-28 02:04:03',NULL,72),('/var/Jukebox/vod/chunk/original/73/73/clip','\0',NULL,'0','/redbar126',0,'2012-11-20 00:00:00','Political Stuff,Stuff','FALSE',NULL,'2012-11-28 02:27:02',0,'http://localhost/redbar.mp4',2,899999927,'2012-10-12 00:00:00',16,'2012-11-28 02:11:48',NULL,73),('/var/Jukebox/vod/chunk/original/74/74/clip','\0',NULL,'0','/redbar127',0,'2012-11-20 00:00:00','Political Stuff,Stuff','FALSE',NULL,'2012-11-28 02:13:37',0,'@need_init',2,899999926,'2012-10-12 00:00:00',16,'2012-11-28 02:13:37',NULL,74),('/var/Jukebox/vod/chunk/original/75/75/clip','\0',NULL,'0','/redbar128',0,'2012-11-20 00:00:00','Political Stuff,Stuff','FALSE',NULL,'2012-11-28 02:24:23',0,'@need_init',2,899999925,'2012-10-12 00:00:00',16,'2012-11-28 02:24:23',NULL,75),('/var/Jukebox/vod/chunk/original/76/76/clip','\0',NULL,'0','/show1/2032458374',0,'2012-12-19 01:10:48',NULL,'FALSE',NULL,'2012-12-05 01:11:56',0,'@need_init',2,899999924,'2012-12-05 01:10:48',16,'2012-12-05 01:10:48',NULL,76),('/var/Jukebox/vod/chunk/original/77/77/clip','\0',NULL,'0','/show1/ep1/2032458374',0,'2012-12-19 01:12:25',NULL,'FALSE',NULL,'2013-01-10 22:54:23',0,'@need_init',2,899999923,'2012-12-05 01:12:25',16,'2012-12-05 01:12:25',NULL,77),('/var/Jukebox/vod/chunk/original/78/78/clip','\0',NULL,'0','/show1/episode2/2032458374',0,'2012-12-19 01:12:52',NULL,'FALSE',NULL,'2012-12-05 01:12:52',0,'@need_init',2,899999922,'2012-12-05 01:12:52',16,'2012-12-05 01:12:52',NULL,78),('/var/Jukebox/vod/chunk/original/79/79/clip','\0',NULL,'0','/manoj-test',0,'2012-12-19 12:06:23','Hindi','FALSE',NULL,'2012-12-05 12:06:23',0,'@need_init',2,899999921,'2012-12-05 12:06:23',16,'2012-12-05 12:06:23',NULL,79),('/var/Jukebox/vod/chunk/original/80/80/clip','\0',NULL,'0','/redbar190',0,'2012-11-20 00:00:00','Political Stuff,Stuff','FALSE',NULL,'2012-12-10 19:33:29',0,'@need_init',2,899999920,'2012-10-12 00:00:00',16,'2012-12-10 19:33:29',NULL,80),('/var/Jukebox/vod/chunk/original/81/81/clip','\0',NULL,'0','/redbar191',0,'2012-11-20 00:00:00','Political Stuff,Stuff','FALSE',NULL,'2012-12-10 19:34:40',0,'@need_init',2,899999919,'2012-10-12 00:00:00',16,'2012-12-10 19:34:40',NULL,81),('/var/Jukebox/vod/chunk/original/82/82/clip','\0',NULL,'0','/redbar192',0,'2012-12-24 19:41:31',NULL,'FALSE',NULL,'2012-12-12 19:34:17',0,'@need_init',2,899999918,'2012-12-10 19:41:31',16,'2012-12-10 19:41:31',NULL,82),('/var/Jukebox/vod/chunk/original/83/83/clip','\0',NULL,'0','/redbar193',0,'2012-12-24 19:44:04',NULL,'FALSE',NULL,'2012-12-10 19:44:04',0,'@need_init',2,899999917,'2012-12-10 19:44:04',16,'2012-12-10 19:44:04',NULL,83),('/var/Jukebox/vod/chunk/original/86/86/clip','\0',NULL,'0','/show1/500k',0,'2012-12-27 23:17:36',NULL,'FALSE',NULL,'2012-12-18 23:07:39',0,'@need_init',2,899999914,'2012-12-13 23:17:36',16,'2012-12-13 23:17:36',NULL,86),('/var/Jukebox/vod/chunk/original/87/87/clip','\0',NULL,'0','/redbar199',0,'2013-01-01 02:11:43',NULL,'FALSE',NULL,'2012-12-18 02:11:43',0,'@need_init',2,899999913,'2012-12-18 02:11:43',16,'2012-12-18 02:11:43',NULL,87),('/var/Jukebox/vod/chunk/original/88/88/clip','\0',NULL,'0','/redbar200',0,'2013-01-01 02:31:51',NULL,'FALSE',NULL,'2012-12-18 02:31:51',0,'@need_init',2,899999912,'2012-12-18 02:31:51',16,'2012-12-18 02:31:51',NULL,88),('/var/Jukebox/vod/chunk/original/89/89/clip','\0',NULL,'0','/2nz6-gq6w_12596207201197_Enchiladas-3',0,'2013-01-01 19:40:01',NULL,'FALSE',NULL,'2012-12-18 19:40:01',0,'@need_init',2,899999911,'2012-12-18 19:40:01',16,'2012-12-18 19:40:01',NULL,89),('/var/Jukebox/vod/chunk/original/90/90/clip','\0',NULL,'0','/show1/501k',0,'2013-01-01 23:23:02',NULL,'FALSE',NULL,'2012-12-18 23:23:02',0,'@need_init',2,899999910,'2012-12-18 23:23:02',16,'2012-12-18 23:23:02',NULL,90),('/var/Jukebox/vod/chunk/original/91/91/clip','\0',NULL,'0','/redbar201',0,'2013-01-02 01:00:21',NULL,'FALSE',NULL,'2012-12-19 01:00:21',0,'@need_init',2,899999909,'2012-12-19 01:00:21',16,'2012-12-19 01:00:21',NULL,91),('/var/Jukebox/vod/chunk/original/92/92/clip','\0',NULL,'0','/redbar202',0,'2013-01-02 18:41:46',NULL,'FALSE',NULL,'2012-12-19 18:41:46',0,'@need_init',2,899999908,'2012-12-19 18:41:46',16,'2012-12-19 18:41:46',NULL,92),('/var/Jukebox/vod/chunk/original/93/93/clip','\0',NULL,'0','/show1/meetmeinthebasement2_1',0,'2013-01-03 00:37:51',NULL,'FALSE',NULL,'2012-12-20 00:37:51',0,'@need_init',2,899999907,'2012-12-20 00:37:51',16,'2012-12-20 00:37:51',NULL,93),('/var/Jukebox/vod/chunk/original/94/94/clip','\0',NULL,'0','/show1/episode2/meetmeinthebasement2_1',0,'2013-01-03 00:47:14',NULL,'FALSE',NULL,'2013-02-06 00:38:53',0,'@need_init',2,899999906,'2012-12-20 00:47:14',16,'2012-12-20 00:47:14',NULL,94),('/var/Jukebox/vod/chunk/original/95/95/clip','\0',NULL,'0','/show1/meetmeinthebasement2_2',0,'2013-01-03 00:59:16',NULL,'FALSE',NULL,'2012-12-20 00:59:16',0,'@need_init',2,899999905,'2012-12-20 00:59:16',16,'2012-12-20 00:59:16',NULL,95),('/var/Jukebox/vod/chunk/original/96/96/clip','\0',NULL,'0','/show1/ep1/meetmeinthebasement2_1',0,'2013-01-03 01:23:36',NULL,'FALSE',NULL,'2012-12-20 01:23:36',0,'@need_init',2,899999904,'2012-12-20 01:23:36',16,'2012-12-20 01:23:36',NULL,96),('/var/Jukebox/vod/chunk/original/97/97/clip','\0',NULL,'0','/redbar208',0,'2013-01-03 01:27:16',NULL,'FALSE',NULL,'2012-12-20 01:27:16',0,'@need_init',2,899999903,'2012-12-20 01:27:16',16,'2012-12-20 01:27:16',NULL,97),('/var/Jukebox/vod/chunk/original/98/98/clip','\0',NULL,'0','/redbar209',0,'2013-01-03 01:30:17',NULL,'FALSE',NULL,'2012-12-20 01:30:17',0,'@need_init',2,899999902,'2012-12-20 01:30:17',16,'2012-12-20 01:30:17',NULL,98),('/var/Jukebox/vod/chunk/original/99/99/clip','\0',NULL,'0','/redbar210',0,'2013-01-03 01:32:52',NULL,'FALSE',NULL,'2012-12-20 01:32:52',0,'@need_init',2,899999901,'2012-12-20 01:32:52',16,'2012-12-20 01:32:52',NULL,99),('/var/Jukebox/vod/chunk/original/0/100/clip','\0',NULL,'0','/redbar211',0,'2013-01-03 01:37:35',NULL,'FALSE',NULL,'2012-12-20 01:37:35',0,'@need_init',2,899999900,'2012-12-20 01:37:35',16,'2012-12-20 01:37:35',NULL,100),('/var/Jukebox/vod/chunk/original/1/101/clip','\0',NULL,'0','/redbar212',0,'2013-01-03 01:41:13',NULL,'FALSE',NULL,'2012-12-20 01:41:14',0,'@need_init',2,899999899,'2012-12-20 01:41:13',16,'2012-12-20 01:41:14',NULL,101),('/var/Jukebox/vod/chunk/original/2/102/clip','\0',NULL,'0','/show1/ep1/meetmeinthebasement2_2',0,'2013-01-03 21:43:54',NULL,'FALSE',NULL,'2012-12-20 21:43:54',0,'@need_init',2,899999898,'2012-12-20 21:43:54',16,'2012-12-20 21:43:54',NULL,102),('/var/Jukebox/vod/chunk/original/3/103/clip','\0',NULL,'0','/show1/ep1/meetmeinthebasement2_3',0,'2013-01-03 21:47:23',NULL,'FALSE',NULL,'2012-12-20 21:47:23',0,'@need_init',2,899999897,'2012-12-20 21:47:23',16,'2012-12-20 21:47:23',NULL,103),('/var/Jukebox/vod/chunk/original/4/104/clip','\0',NULL,'0','/show1/ep1/504k',0,'2013-01-24 22:52:48',NULL,'FALSE',NULL,'2013-01-10 22:52:48',0,'@need_init',2,899999896,'2013-01-10 22:52:48',16,'2013-01-10 22:52:48',NULL,104),('/var/Jukebox/vod/chunk/original/5/105/clip','\0',NULL,'0','/show1/ep1/203245889000',0,'2013-01-24 22:55:00',NULL,'FALSE',NULL,'2013-01-10 22:55:00',0,'@need_init',2,899999895,'2013-01-10 22:55:00',16,'2013-01-10 22:55:00',NULL,105),('/var/Jukebox/vod/chunk/original/6/106/clip','\0',NULL,'0','/redbar404',0,'2013-01-24 23:31:14',NULL,'FALSE',NULL,'2013-01-10 23:31:14',0,'@need_init',2,899999894,'2013-01-10 23:31:14',16,'2013-01-10 23:31:14',NULL,106),('/var/Jukebox/vod/chunk/original/7/107/clip','\0',NULL,'0','/show1/ep1/new1',0,'2013-01-29 23:55:07',NULL,'FALSE',NULL,'2013-01-15 23:55:07',0,'@need_init',2,899999893,'2013-01-15 23:55:07',16,'2013-01-15 23:55:07',NULL,107),('/var/Jukebox/vod/chunk/original/8/108/clip','\0',NULL,'0','/show1/ep1/new2',0,'2013-01-30 00:13:26',NULL,'FALSE',NULL,'2013-01-16 00:13:26',0,'@need_init',2,899999892,'2013-01-16 00:13:26',16,'2013-01-16 00:13:26',NULL,108),('/var/Jukebox/vod/chunk/original/9/109/clip','\0',NULL,'0','/show1/ep1/new3',0,'2013-01-30 00:15:06',NULL,'FALSE',NULL,'2013-01-16 00:15:06',0,'@need_init',2,899999891,'2013-01-16 00:15:06',16,'2013-01-16 00:15:06',NULL,109),('/var/Jukebox/vod/chunk/original/10/110/clip','\0',NULL,'0','/show1/ep1/new6',0,'2013-01-31 00:51:55',NULL,'FALSE',NULL,'2013-01-17 00:51:55',0,'@need_init',2,899999890,'2013-01-17 00:51:55',16,'2013-01-17 00:51:55',NULL,110),('/var/Jukebox/vod/chunk/original/11/111/clip','\0',NULL,'0','/redbar500',0,'2013-02-05 00:49:15',NULL,'FALSE',NULL,'2013-01-22 00:49:15',0,'@need_init',2,899999889,'2013-01-22 00:49:15',16,'2013-01-22 00:49:15',NULL,111),('/var/Jukebox/vod/chunk/original/12/112/clip','\0',NULL,'0','/redbar538',0,'2013-02-12 22:05:35',NULL,'FALSE',NULL,'2013-01-29 22:06:47',0,'@need_init',2,899999888,'2013-01-29 22:05:35',16,'2013-01-29 22:05:35',NULL,112),('/var/Jukebox/vod/chunk/original/13/113/clip','\0',NULL,'0','/redbar539',0,'2012-11-20 00:00:00','Political Stuff,Stuff','FALSE',NULL,'2013-01-29 22:09:06',0,'@need_init',2,899999887,'2012-10-12 00:00:00',16,'2013-01-29 22:09:06',NULL,113),('/var/Jukebox/vod/chunk/original/14/114/clip','\0',NULL,'0','/redbar540',0,'2012-11-20 00:00:00','Political Stuff,Stuff','FALSE',NULL,'2013-01-29 22:12:01',0,'@need_init',2,899999886,'2012-10-12 00:00:00',16,'2013-01-29 22:12:01',NULL,114),('/var/Jukebox/vod/chunk/original/15/115/clip','\0',NULL,'0','/redbar541',0,'2012-11-20 00:00:00','Political Stuff,Stuff','FALSE',NULL,'2013-01-29 22:19:18',0,'@need_init',2,899999885,'2012-10-12 00:00:00',16,'2013-01-29 22:19:18',NULL,115),('/var/Jukebox/vod/chunk/original/16/116/clip','\0',NULL,'0','/redbar542',0,'2012-11-20 00:00:00','Political Stuff,Stuff','FALSE',NULL,'2013-01-29 22:29:27',0,'@need_init',2,899999884,'2012-10-12 00:00:00',16,'2013-01-29 22:29:27',NULL,116),('/var/Jukebox/vod/chunk/original/17/117/clip','\0',NULL,'0','/show1/episode2/507k',0,'2013-02-18 23:30:07',NULL,'FALSE',NULL,'2013-02-04 23:30:08',0,'@need_init',2,899999883,'2013-02-04 23:30:07',16,'2013-02-04 23:30:08',NULL,117),('/var/Jukebox/vod/chunk/original/18/118/clip','\0',NULL,'0','/show1/episode2/508k',0,'2013-02-20 00:32:40',NULL,'FALSE',NULL,'2013-02-06 00:32:40',0,'@need_init',2,899999882,'2013-02-06 00:32:40',16,'2013-02-06 00:32:40',NULL,118),('/var/Jukebox/vod/chunk/original/19/119/clip','\0',NULL,'0','/show1/episode2/2_1 - Copy',0,'2013-02-20 00:42:41',NULL,'FALSE',NULL,'2013-02-06 00:42:41',0,'@need_init',2,899999881,'2013-02-06 00:42:41',16,'2013-02-06 00:42:41',NULL,119),('/var/Jukebox/vod/chunk/original/20/120/clip','\0',NULL,'0','/show1/episode2/509k',0,'2013-02-20 00:46:45',NULL,'FALSE',NULL,'2013-02-06 00:46:45',0,'@need_init',2,899999880,'2013-02-06 00:46:45',16,'2013-02-06 00:46:45',NULL,120),('/var/Jukebox/vod/chunk/original/21/121/clip','\0',NULL,'0','/show1/episode2/510k',0,'2013-02-20 00:50:20',NULL,'FALSE',NULL,'2013-02-06 00:50:20',0,'@need_init',2,899999879,'2013-02-06 00:50:20',16,'2013-02-06 00:50:20',NULL,121),('/var/Jukebox/vod/chunk/original/22/122/clip','\0',NULL,'0','/show1/episode2/511k',0,'2013-02-20 01:17:05',NULL,'FALSE',NULL,'2013-02-06 01:17:06',0,'@need_init',2,899999878,'2013-02-06 01:17:05',16,'2013-02-06 01:17:06',NULL,122),('/var/Jukebox/vod/chunk/original/23/123/clip','\0',NULL,'0','/show1/episode2/7k',0,'2013-02-20 01:26:39',NULL,'FALSE',NULL,'2013-02-06 01:26:39',0,'@need_init',2,899999877,'2013-02-06 01:26:39',16,'2013-02-06 01:26:39',NULL,123),('/var/Jukebox/vod/chunk/original/24/124/clip','\0',NULL,'0','/show1/episode2/711k',0,'2013-02-20 01:26:55',NULL,'FALSE',NULL,'2013-02-06 01:26:55',0,'@need_init',2,899999876,'2013-02-06 01:26:55',16,'2013-02-06 01:26:55',NULL,124),('/var/Jukebox/vod/chunk/original/25/125/clip','\0',NULL,'0','/show1/ep1/712k',0,'2013-02-22 01:17:45',NULL,'FALSE',NULL,'2013-02-08 01:17:45',0,'@need_init',2,899999875,'2013-02-08 01:17:45',16,'2013-02-08 01:17:45',NULL,125),('/var/Jukebox/vod/chunk/original/26/126/clip','\0',NULL,'0','/skidder_test_2013_02_26-1',0,'2013-03-12 19:37:18',NULL,'FALSE',NULL,'2013-02-26 19:52:34',0,'@need_init',2,899999874,'2013-02-26 19:37:18',16,'2013-02-26 19:37:18',NULL,126),('/var/Jukebox/vod/chunk/original/27/127/clip','\0',NULL,'0','/skidder_test_2013_02_26-2',0,'2013-03-12 19:52:47',NULL,'FALSE',NULL,'2013-02-26 19:52:47',0,'@need_init',2,899999873,'2013-02-26 19:52:47',16,'2013-02-26 19:52:47',NULL,127),('/var/Jukebox/vod/chunk/original/28/128/clip','\0',NULL,'0','/skidder_test_2013_02_26-4',0,'2013-03-12 20:11:24',NULL,'FALSE',NULL,'2013-02-26 20:11:24',0,'@need_init',2,899999872,'2013-02-26 20:11:24',16,'2013-02-26 20:11:24',NULL,128),('/var/Jukebox/vod/chunk/original/29/129/clip','\0',NULL,'0','/skidder_test_2013_02_26-5',0,'2013-03-12 20:46:58',NULL,'FALSE',NULL,'2013-02-26 20:46:59',0,'@need_init',2,899999871,'2013-02-26 20:46:58',16,'2013-02-26 20:46:59',NULL,129),('/var/Jukebox/vod/chunk/original/30/130/clip','\0',NULL,'0','/skidder_test_2013_02_26-6',0,'2013-03-12 20:49:11',NULL,'FALSE',NULL,'2013-02-26 20:49:11',0,'@need_init',2,899999870,'2013-02-26 20:49:11',16,'2013-02-26 20:49:11',NULL,130),('/var/Jukebox/vod/chunk/original/31/131/clip','\0',NULL,'0','/skidder_test_2013_02_26-7',0,'2013-03-12 20:58:24',NULL,'FALSE',NULL,'2013-02-26 20:58:24',0,'@need_init',2,899999869,'2013-02-26 20:58:24',16,'2013-02-26 20:58:24',NULL,131),('/var/Jukebox/vod/chunk/original/32/132/clip','\0',NULL,'0','/skidder_test_2013_02_26-8',0,'2013-03-12 21:08:44',NULL,'FALSE',NULL,'2013-02-26 21:08:44',0,'@need_init',2,899999868,'2013-02-26 21:08:44',16,'2013-02-26 21:08:44',NULL,132),('/var/Jukebox/vod/chunk/original/33/133/clip','\0',NULL,'0','/skidder_test_2013_02_26-9',0,'2013-03-12 21:12:12',NULL,'FALSE',NULL,'2013-02-26 21:12:12',0,'@need_init',2,899999867,'2013-02-26 21:12:12',16,'2013-02-26 21:12:12',NULL,133),('/var/Jukebox/vod/chunk/original/34/134/clip','\0',NULL,'0','/skidder_test_2013_02_26-10',0,'2013-03-12 21:19:31',NULL,'FALSE',NULL,'2013-02-26 21:19:31',0,'@need_init',2,899999866,'2013-02-26 21:19:31',16,'2013-02-26 21:19:31',NULL,134),('/var/Jukebox/vod/chunk/original/35/135/clip','\0',NULL,'0','/new14',0,'2013-03-13 22:50:34',NULL,'FALSE',NULL,'2013-02-27 22:50:34',0,'@need_init',2,899999865,'2013-02-27 22:50:34',16,'2013-02-27 22:50:34',NULL,135),('/var/Jukebox/vod/chunk/original/36/136/clip','\0',NULL,'0','/824k',0,'2012-11-10 00:00:00',NULL,'FALSE',NULL,'2013-02-27 23:01:48',0,'http://localhost/834k.mp4',2,899999864,'2012-10-10 00:00:00',16,'2013-02-27 23:01:48',NULL,136),('/var/Jukebox/vod/chunk/original/37/137/clip','\0',NULL,'0','/825k',0,'2012-11-10 00:00:00',NULL,'FALSE',NULL,'2013-02-27 23:10:20',0,'http://localhost/834k.mp4',2,899999863,'2012-10-10 00:00:00',16,'2013-02-27 23:10:20',NULL,137),('/var/Jukebox/vod/chunk/original/38/138/clip','\0',NULL,'0','/new15',0,'2013-03-13 23:11:28',NULL,'FALSE',NULL,'2013-02-27 23:11:28',0,'@need_init',2,899999862,'2013-02-27 23:11:28',16,'2013-02-27 23:11:28',NULL,138),('/var/Jukebox/vod/chunk/original/39/139/clip','\0',NULL,'0','/835k',0,'2013-03-13 23:46:39',NULL,'FALSE',NULL,'2013-02-28 00:04:48',0,'@need_init',2,899999861,'2013-02-27 23:46:39',16,'2013-02-27 23:46:39',NULL,139),('/var/Jukebox/vod/chunk/original/40/140/clip','\0',NULL,'0','/836k',0,'2013-03-14 00:12:04',NULL,'FALSE',NULL,'2013-02-28 00:17:14',0,'@need_init',2,899999860,'2013-02-28 00:12:04',16,'2013-02-28 00:12:04',NULL,140),('/var/Jukebox/vod/chunk/original/41/141/clip','\0',NULL,'0','/837k',0,'2013-03-14 01:42:43',NULL,'FALSE',NULL,'2013-02-28 01:42:47',0,'@need_init',2,899999859,'2013-02-28 01:42:43',16,'2013-02-28 01:42:43',NULL,141),('/var/Jukebox/vod/chunk/original/42/142/clip','\0',NULL,'0','/838k',0,'2013-03-14 01:46:15',NULL,'FALSE',NULL,'2013-02-28 01:46:15',0,'@need_init',2,899999858,'2013-02-28 01:46:15',16,'2013-02-28 01:46:15',NULL,142),('/var/Jukebox/vod/chunk/original/43/143/clip','\0',NULL,'0','/839k',0,'2013-03-14 01:48:54',NULL,'FALSE',NULL,'2013-02-28 01:49:11',0,'@need_init',2,899999857,'2013-02-28 01:48:54',16,'2013-02-28 01:48:54',NULL,143),('/var/Jukebox/vod/chunk/original/44/144/clip','\0',NULL,'0','/skidder_test_2013_02_28-1',0,'2013-03-14 19:07:31',NULL,'FALSE',NULL,'2013-02-28 19:07:57',0,'@need_init',2,899999856,'2013-02-28 19:07:31',16,'2013-02-28 19:07:31',NULL,144),('/var/Jukebox/vod/chunk/original/45/145/clip','\0',NULL,'0','/skidder_test_2013_02_28-2',0,'2013-03-14 19:08:14',NULL,'FALSE',NULL,'2013-02-28 19:08:34',0,'@need_init',2,899999855,'2013-02-28 19:08:14',16,'2013-02-28 19:08:14',NULL,145),('/var/Jukebox/vod/chunk/original/46/146/clip','\0',NULL,'0','/skidder_test_2013_02_28-3',0,'2013-03-14 19:08:50',NULL,'FALSE',NULL,'2013-02-28 19:09:41',0,'@need_init',2,899999854,'2013-02-28 19:08:50',16,'2013-02-28 19:08:50',NULL,146),('/var/Jukebox/vod/chunk/original/47/147/clip','\0',NULL,'0','/skidder_test_2013_02_28-4',0,'2013-03-14 19:17:05',NULL,'FALSE',NULL,'2013-02-28 19:17:15',0,'@need_init',2,899999853,'2013-02-28 19:17:05',16,'2013-02-28 19:17:05',NULL,147),('/var/Jukebox/vod/chunk/original/48/148/clip','\0',NULL,'0','/skidder_test_2013_02_28-5',0,'2013-03-14 19:18:17',NULL,'FALSE',NULL,'2013-02-28 19:18:29',0,'@need_init',2,899999852,'2013-02-28 19:18:17',16,'2013-02-28 19:18:17',NULL,148),('/var/Jukebox/vod/chunk/original/49/149/clip','\0',NULL,'0','/840k',0,'2013-03-14 19:54:51',NULL,'FALSE',NULL,'2013-02-28 19:54:56',0,'@need_init',2,899999851,'2013-02-28 19:54:51',16,'2013-02-28 19:54:51',NULL,149),('/var/Jukebox/vod/chunk/original/50/150/clip','\0',NULL,'0','/841k',0,'2013-03-14 19:56:15',NULL,'FALSE',NULL,'2013-02-28 19:56:18',0,'@need_init',2,899999850,'2013-02-28 19:56:15',16,'2013-02-28 19:56:15',NULL,150),('/var/Jukebox/vod/chunk/original/51/151/clip','\0',NULL,'0','/842k',0,'2013-03-14 20:13:43',NULL,'FALSE',NULL,'2013-02-28 20:15:33',0,'@need_init',2,899999849,'2013-02-28 20:13:43',16,'2013-02-28 20:13:43',NULL,151),('/var/Jukebox/vod/chunk/original/52/152/clip','\0',NULL,'0','/843k',0,'2013-03-14 20:17:25',NULL,'FALSE',NULL,'2013-02-28 20:17:27',0,'@need_init',2,899999848,'2013-02-28 20:17:25',16,'2013-02-28 20:17:26',NULL,152),('/var/Jukebox/vod/chunk/original/53/153/clip','\0',NULL,'0','/844k',0,'2013-03-14 22:27:10',NULL,'FALSE',NULL,'2013-02-28 22:27:17',0,'@need_init',2,899999847,'2013-02-28 22:27:10',16,'2013-02-28 22:27:10',NULL,153),('/var/Jukebox/vod/chunk/original/54/154/clip','\0',NULL,'0','/845k',0,'2013-03-14 22:42:37',NULL,'FALSE',NULL,'2013-02-28 22:43:12',0,'@need_init',2,899999846,'2013-02-28 22:42:37',16,'2013-02-28 22:42:37',NULL,154),('/var/Jukebox/vod/chunk/original/55/155/clip','\0',NULL,'0','/846k',0,'2013-03-14 22:44:43',NULL,'FALSE',NULL,'2013-02-28 22:46:39',0,'@need_init',2,899999845,'2013-02-28 22:44:43',16,'2013-02-28 22:44:43',NULL,155),('/var/Jukebox/vod/chunk/original/56/156/clip','\0',NULL,'0','/847k',0,'2013-03-14 22:47:55',NULL,'FALSE',NULL,'2013-02-28 22:48:11',0,'@need_init',2,899999844,'2013-02-28 22:47:55',16,'2013-02-28 22:47:55',NULL,156),('/var/Jukebox/vod/chunk/original/57/157/clip','\0',NULL,'0','/848k',0,'2013-03-14 22:49:06',NULL,'FALSE',NULL,'2013-02-28 22:49:51',0,'@need_init',2,899999843,'2013-02-28 22:49:06',16,'2013-02-28 22:49:06',NULL,157),('/var/Jukebox/vod/chunk/original/58/158/clip','\0',NULL,'0','/849k',0,'2013-03-14 22:50:45',NULL,'FALSE',NULL,'2013-02-28 22:50:48',0,'@need_init',2,899999842,'2013-02-28 22:50:45',16,'2013-02-28 22:50:45',NULL,158),('/var/Jukebox/vod/chunk/original/59/159/clip','\0',NULL,'0','/skidder_test_2013_02_28-6',0,'2013-03-14 23:56:27',NULL,'FALSE',NULL,'2013-02-28 23:56:50',0,'@need_init',2,899999841,'2013-02-28 23:56:27',16,'2013-02-28 23:56:27',NULL,159),('/var/Jukebox/vod/chunk/original/60/160/clip','\0',NULL,'0','/850k',0,'2013-03-15 00:09:05',NULL,'FALSE',NULL,'2013-03-01 00:09:39',0,'@need_init',2,899999840,'2013-03-01 00:09:05',16,'2013-03-01 00:09:05',NULL,160),('/var/Jukebox/vod/chunk/original/61/161/clip','\0',NULL,'0','/851k',0,'2013-03-15 00:10:13',NULL,'FALSE',NULL,'2013-03-01 00:10:20',0,'@need_init',2,899999839,'2013-03-01 00:10:13',16,'2013-03-01 00:10:13',NULL,161),('/var/Jukebox/vod/chunk/original/62/162/clip','\0',NULL,'0','/852k',0,'2013-03-15 01:00:26',NULL,'FALSE',NULL,'2013-03-01 01:00:30',0,'@need_init',2,899999838,'2013-03-01 01:00:26',16,'2013-03-01 01:00:27',NULL,162),('/var/Jukebox/vod/chunk/original/63/163/clip','\0',NULL,'0','/853k',0,'2013-03-15 01:07:40',NULL,'FALSE',NULL,'2013-03-01 01:07:44',0,'@need_init',2,899999837,'2013-03-01 01:07:40',16,'2013-03-01 01:07:40',NULL,163),('/var/Jukebox/vod/chunk/original/64/164/clip','\0',NULL,'0','/854k',0,'2013-03-15 01:10:12',NULL,'FALSE',NULL,'2013-03-01 01:10:15',0,'@need_init',2,899999836,'2013-03-01 01:10:12',16,'2013-03-01 01:10:12',NULL,164),('/var/Jukebox/vod/chunk/original/65/165/clip','\0',NULL,'0','/855k',0,'2013-03-15 01:33:22',NULL,'FALSE',NULL,'2013-03-01 01:33:36',0,'@need_init',2,899999835,'2013-03-01 01:33:22',16,'2013-03-01 01:33:22',NULL,165),('/var/Jukebox/vod/chunk/original/66/166/clip','\0',NULL,'0','/856k',0,'2013-03-15 01:41:06',NULL,'FALSE',NULL,'2013-03-01 01:41:09',0,'@need_init',2,899999834,'2013-03-01 01:41:06',16,'2013-03-01 01:41:06',NULL,166),('/var/Jukebox/vod/chunk/original/67/167/clip','\0',NULL,'0','/857k',0,'2013-03-15 01:45:10',NULL,'FALSE',NULL,'2013-03-01 01:45:14',0,'@need_init',2,899999833,'2013-03-01 01:45:10',16,'2013-03-01 01:45:10',NULL,167),('/var/Jukebox/vod/chunk/original/68/168/clip','\0',NULL,'0','/858k',0,'2013-03-15 01:49:19',NULL,'FALSE',NULL,'2013-03-01 01:49:22',0,'@need_init',2,899999832,'2013-03-01 01:49:19',16,'2013-03-01 01:49:19',NULL,168),('/var/Jukebox/vod/chunk/original/69/169/clip','\0',NULL,'0','/859k',0,'2013-03-15 01:51:15',NULL,'FALSE',NULL,'2013-03-01 01:52:00',0,'@need_init',2,899999831,'2013-03-01 01:51:15',16,'2013-03-01 01:51:15',NULL,169),('/var/Jukebox/vod/chunk/original/70/170/clip','\0',NULL,'0','/861k',0,'2013-03-15 01:56:17',NULL,'FALSE',NULL,'2013-03-01 01:56:20',0,'@need_init',2,899999830,'2013-03-01 01:56:17',16,'2013-03-01 01:56:17',NULL,170),('/var/Jukebox/vod/chunk/original/71/171/clip','\0',NULL,'0','/862k',0,'2013-03-15 02:01:01',NULL,'FALSE',NULL,'2013-03-01 02:01:11',0,'@need_init',2,899999829,'2013-03-01 02:01:01',16,'2013-03-01 02:01:01',NULL,171),('/var/Jukebox/vod/chunk/original/72/172/clip','\0',NULL,'0','/863k',0,'2013-03-15 23:03:16',NULL,'FALSE',NULL,'2013-03-01 23:03:21',0,'@need_init',2,899999828,'2013-03-01 23:03:16',16,'2013-03-01 23:03:16',NULL,172),('/var/Jukebox/vod/chunk/original/73/173/clip','\0',NULL,'0','/864k',0,'2013-03-15 23:07:40',NULL,'FALSE',NULL,'2013-03-01 23:07:40',0,'@need_init',2,899999827,'2013-03-01 23:07:40',16,'2013-03-01 23:07:40',NULL,173),('/var/Jukebox/vod/chunk/original/74/174/clip','\0',NULL,'0','/865k',0,'2013-03-15 23:36:47',NULL,'FALSE',NULL,'2013-03-01 23:36:51',0,'@need_init',2,899999826,'2013-03-01 23:36:47',16,'2013-03-01 23:36:47',NULL,174),('/var/Jukebox/vod/chunk/original/75/175/clip','\0',NULL,'0','/867k',0,'2013-03-16 00:30:49',NULL,'FALSE',NULL,'2013-03-02 00:46:57',0,'@need_init',2,899999825,'2013-03-02 00:30:49',16,'2013-03-02 00:30:49',NULL,175),('/var/Jukebox/vod/chunk/original/76/176/clip','\0',NULL,'0','/868k',0,'2013-03-16 00:46:57',NULL,'FALSE',NULL,'2013-03-02 02:48:44',0,'@need_init',2,899999824,'2013-03-02 00:46:57',16,'2013-03-02 00:46:57',NULL,176),('/var/Jukebox/vod/chunk/original/77/177/clip','\0',NULL,'0','/869k',0,'2013-03-18 22:25:41',NULL,'FALSE',NULL,'2013-03-04 22:27:03',0,'@need_init',2,899999823,'2013-03-04 22:25:32',16,'2013-03-04 22:25:42',NULL,177),('/var/Jukebox/vod/chunk/original/78/178/clip','\0',NULL,'0','/870k',0,'2013-03-18 22:28:18',NULL,'FALSE',NULL,'2013-03-04 22:28:22',0,'@need_init',2,899999822,'2013-03-04 22:28:18',16,'2013-03-04 22:28:22',NULL,178),('/var/Jukebox/vod/chunk/original/79/179/clip','\0',NULL,'0','/872k',0,'2013-03-18 22:35:58',NULL,'FALSE',NULL,'2013-03-04 22:36:43',0,'@need_init',2,899999821,'2013-03-04 22:35:58',16,'2013-03-04 22:36:27',NULL,179),('/var/Jukebox/vod/chunk/original/80/180/clip','\0',NULL,'0','/873k',0,'2013-03-18 22:38:34',NULL,'FALSE',NULL,'2013-03-04 22:50:16',0,'@need_init',2,899999820,'2013-03-04 22:38:34',16,'2013-03-04 22:38:55',NULL,180),('/var/Jukebox/vod/chunk/original/81/181/clip','\0',NULL,'0','/874k',0,'2013-03-18 22:52:20',NULL,'FALSE',NULL,'2013-03-04 22:55:18',0,'@need_init',2,899999819,'2013-03-04 22:52:20',16,'2013-03-04 22:53:57',NULL,181),('/var/Jukebox/vod/chunk/original/82/182/clip','\0',NULL,'0','/875k',0,'2013-03-18 23:02:06',NULL,'FALSE',NULL,'2013-03-04 23:02:39',0,'@need_init',2,899999818,'2013-03-04 23:02:06',16,'2013-03-04 23:02:08',NULL,182),('/var/Jukebox/vod/chunk/original/83/183/clip','\0',NULL,'0','/876k',0,'2013-03-19 01:47:49',NULL,'FALSE',NULL,'2013-03-05 01:47:49',0,'@need_init',2,899999817,'2013-03-05 01:47:49',16,'2013-03-05 01:47:49',NULL,183),('/var/Jukebox/vod/chunk/original/84/184/clip','\0',NULL,'0','/877k',0,'2013-03-19 02:00:04',NULL,'FALSE',NULL,'2013-03-05 02:00:45',0,'@need_init',2,899999816,'2013-03-05 02:00:04',16,'2013-03-05 02:00:04',NULL,184),('/var/Jukebox/vod/chunk/original/85/185/clip','\0',NULL,'0','/878k',0,'2013-03-19 19:32:18',NULL,'FALSE',NULL,'2013-03-05 19:32:18',0,'@need_init',2,899999815,'2013-03-05 19:32:18',16,'2013-03-05 19:32:18',NULL,185),('/var/Jukebox/vod/chunk/original/86/186/clip','\0',NULL,'0','/var/Jukebox/ftpupload/mobi_test/886k',0,'2012-11-10 00:00:00',NULL,'FALSE',NULL,'2013-03-05 22:43:31',0,'@need_init',2,899999814,'2012-10-10 00:00:00',16,'2013-03-05 22:40:02',NULL,186),('/var/Jukebox/vod/chunk/original/87/187/clip','\0',NULL,'0','/var/Jukebox/ftpupload/mobi_test/887k',0,'2012-11-10 00:00:00',NULL,'FALSE',NULL,'2013-03-05 22:44:46',0,'@need_init',2,899999813,'2012-10-10 00:00:00',16,'2013-03-05 22:44:46',NULL,187),('/var/Jukebox/vod/chunk/original/88/188/clip','\0',NULL,'0','/var/Jukebox/ftpupload/mobi_test/888k',0,'2012-11-10 00:00:00',NULL,'FALSE',NULL,'2013-03-05 22:49:59',0,'@need_init',2,899999812,'2012-10-10 00:00:00',16,'2013-03-05 22:49:59',NULL,188),('/var/Jukebox/vod/chunk/original/89/189/clip','\0',NULL,'0','/888k',0,'2012-11-10 00:00:00',NULL,'FALSE',NULL,'2013-03-05 22:53:12',0,'@need_init',2,899999811,'2012-10-10 00:00:00',16,'2013-03-05 22:51:03',NULL,189),('/var/Jukebox/vod/chunk/original/90/190/clip','\0',NULL,'0','/889k',0,'2012-11-10 00:00:00',NULL,'FALSE',NULL,'2013-03-05 22:54:13',0,'@need_init',2,899999810,'2012-10-10 00:00:00',16,'2013-03-05 22:54:13',NULL,190),('/var/Jukebox/vod/chunk/original/91/191/clip','\0',NULL,'0','/892k',0,'2013-03-19 22:57:16',NULL,'FALSE',NULL,'2013-03-05 22:57:58',0,'@need_init',2,899999809,'2013-03-05 22:57:16',16,'2013-03-05 22:57:16',NULL,191),('/var/Jukebox/vod/chunk/original/92/192/clip','\0',NULL,'0','/893k',0,'2013-03-19 22:59:37',NULL,'FALSE',NULL,'2013-03-05 22:59:37',0,'@need_init',2,899999808,'2013-03-05 22:59:37',16,'2013-03-05 22:59:37',NULL,192),('/var/Jukebox/vod/chunk/original/93/193/clip','\0',NULL,'0','/895k',0,'2013-03-19 23:02:32',NULL,'FALSE',NULL,'2013-03-05 23:02:32',0,'@need_init',2,899999807,'2013-03-05 23:02:32',16,'2013-03-05 23:02:32',NULL,193),('/var/Jukebox/vod/chunk/original/94/194/clip','\0',NULL,'0','/897k',0,'2012-11-10 00:00:00',NULL,'FALSE',NULL,'2013-03-05 23:13:55',0,'@need_init',2,899999806,'2012-10-10 00:00:00',16,'2013-03-05 23:13:55',NULL,194),('/var/Jukebox/vod/chunk/original/95/195/clip','\0',NULL,'0','/898k',0,'2013-03-19 23:17:08',NULL,'FALSE',NULL,'2013-03-05 23:17:08',0,'@need_init',2,899999805,'2013-03-05 23:17:08',16,'2013-03-05 23:17:08',NULL,195),('/var/Jukebox/vod/chunk/original/96/196/clip','\0',NULL,'0','/900',0,'2013-03-19 23:25:41',NULL,'FALSE',NULL,'2013-03-05 23:28:32',0,'@need_init',2,899999804,'2013-03-05 23:25:41',16,'2013-03-05 23:25:41',NULL,196),('/var/Jukebox/vod/chunk/original/97/197/clip','\0',NULL,'0','/902',0,'2013-03-19 23:36:47',NULL,'FALSE',NULL,'2013-03-05 23:36:47',0,'@need_init',2,899999803,'2013-03-05 23:36:47',16,'2013-03-05 23:36:47',NULL,197),('/var/Jukebox/vod/chunk/original/98/198/clip','\0',NULL,'0','/907',0,'2012-11-10 00:00:00',NULL,'FALSE',NULL,'2013-03-06 00:18:33',0,'@need_init',2,899999802,'2012-10-10 00:00:00',16,'2013-03-06 00:18:33',NULL,198),('/var/Jukebox/vod/chunk/original/99/199/clip','\0',NULL,'0','/Test_manish/908',0,'2012-11-10 00:00:00',NULL,'FALSE',NULL,'2013-03-06 00:21:14',0,'@need_init',2,899999801,'2012-10-10 00:00:00',16,'2013-03-06 00:21:14',NULL,199),('/var/Jukebox/vod/chunk/original/0/200/clip','\0',NULL,'0','/Test_manish/910',0,'2012-11-10 00:00:00',NULL,'FALSE',NULL,'2013-03-06 01:47:20',0,'@need_init',2,899999800,'2012-10-10 00:00:00',16,'2013-03-06 01:47:20',NULL,200),('/var/Jukebox/vod/chunk/original/1/201/clip','\0',NULL,'0','/Test_manish/911',0,'2012-11-10 00:00:00',NULL,'FALSE',NULL,'2013-03-06 01:53:14',0,'manishk.mp4',2,899999799,'2012-10-10 00:00:00',16,'2013-03-06 01:53:14',NULL,201),('/var/Jukebox/vod/chunk/original/2/202/clip','\0',NULL,'0','/Test_manish/912',0,'2012-11-10 00:00:00',NULL,'FALSE',NULL,'2013-03-06 01:58:13',0,'manishk.mp4',2,899999798,'2012-10-10 00:00:00',16,'2013-03-06 01:58:13',NULL,202),('/var/Jukebox/vod/chunk/original/3/203/clip','\0',NULL,'0','/Test_manish/913',0,'2012-11-10 00:00:00',NULL,'FALSE',NULL,'2013-03-06 02:05:10',0,'manishk.mp4',2,899999797,'2012-10-10 00:00:00',16,'2013-03-06 02:05:10',NULL,203),('/var/Jukebox/vod/chunk/original/4/204/clip','\0',NULL,'0','/Test_manish/914',0,'2012-11-10 00:00:00',NULL,'FALSE',NULL,'2013-03-06 18:36:33',0,'manishk.mp4',2,899999796,'2012-10-10 00:00:00',16,'2013-03-06 18:36:33',NULL,204),('/var/Jukebox/vod/chunk/original/5/205/clip','\0',NULL,'0','/Test_manish/916',0,'2012-11-10 00:00:00',NULL,'FALSE',NULL,'2013-03-06 21:23:25',0,'manishk.mp4',2,899999795,'2012-10-10 00:00:00',16,'2013-03-06 21:23:25',NULL,205),('/var/Jukebox/vod/chunk/original/6/206/clip','\0',NULL,'0','/Test_manish/917',0,'2012-11-10 00:00:00',NULL,'FALSE',NULL,'2013-03-06 21:34:05',0,'http://localhost/834k.mp4',2,899999794,'2012-10-10 00:00:00',16,'2013-03-06 21:34:05',NULL,206),('/var/Jukebox/vod/chunk/original/7/207/clip','\0',NULL,'0','/Test_manish/918',0,'2012-11-10 00:00:00',NULL,'FALSE',NULL,'2013-03-06 21:39:03',0,'@need_init',2,899999793,'2012-10-10 00:00:00',16,'2013-03-06 21:39:03',NULL,207),('/var/Jukebox/vod/chunk/original/8/208/clip','\0',NULL,'0','/Test_manish/919',0,'2012-11-10 00:00:00',NULL,'FALSE',NULL,'2013-03-06 21:45:17',0,'@need_init',2,899999792,'2012-10-10 00:00:00',16,'2013-03-06 21:45:17',NULL,208),('/var/Jukebox/vod/chunk/original/10/210/clip','\0',NULL,'0','/Test_manish/921',0,'2013-03-20 21:52:57',NULL,'FALSE',NULL,'2013-03-06 21:53:27',0,'@need_init',2,899999790,'2013-03-06 21:52:57',16,'2013-03-06 21:52:57',NULL,210),('/var/Jukebox/vod/chunk/original/11/211/clip','\0',NULL,'0','/922',0,'2012-11-10 00:00:00',NULL,'FALSE',NULL,'2013-03-06 21:57:17',0,'http://localhost/834k.mp4',2,899999789,'2012-10-10 00:00:00',16,'2013-03-06 21:57:17',NULL,211),('/var/Jukebox/vod/chunk/original/12/212/clip','\0',NULL,'0','/Test_manish/922',0,'2012-11-10 00:00:00',NULL,'FALSE',NULL,'2013-03-06 21:57:39',0,'http://localhost/834k.mp4',2,899999788,'2012-10-10 00:00:00',16,'2013-03-06 21:57:39',NULL,212),('/var/Jukebox/vod/chunk/original/13/213/clip','\0',NULL,'0','/923',0,'2012-11-10 00:00:00',NULL,'FALSE',NULL,'2013-03-06 22:01:33',0,'http://localhost/834k.mp4',2,899999787,'2012-10-10 00:00:00',16,'2013-03-06 22:01:33',NULL,213),('/var/Jukebox/vod/chunk/original/14/214/clip','\0',NULL,'0','/Test_manish/923',0,'2012-11-10 00:00:00',NULL,'FALSE',NULL,'2013-03-06 22:01:39',0,'http://localhost/834k.mp4',2,899999786,'2012-10-10 00:00:00',16,'2013-03-06 22:01:39',NULL,214),('/var/Jukebox/vod/chunk/original/15/215/clip','\0',NULL,'0','/924',0,'2012-11-10 00:00:00',NULL,'FALSE',NULL,'2013-03-06 22:10:43',0,'http://localhost/834k.mp4',2,899999785,'2012-10-10 00:00:00',16,'2013-03-06 22:10:43',NULL,215),('/var/Jukebox/vod/chunk/original/16/216/clip','\0',NULL,'0','/Test_manish/924',0,'2012-11-10 00:00:00',NULL,'FALSE',NULL,'2013-03-06 22:11:56',0,'http://localhost/834k.mp4',2,899999784,'2012-10-10 00:00:00',16,'2013-03-06 22:11:56',NULL,216),('/var/Jukebox/vod/chunk/original/17/217/clip','\0',NULL,'0','/925',0,'2012-11-10 00:00:00',NULL,'FALSE',NULL,'2013-03-06 22:25:12',0,'http://localhost/834k.mp4',2,899999783,'2012-10-10 00:00:00',16,'2013-03-06 22:23:09',NULL,217),('/var/Jukebox/vod/chunk/original/18/218/clip','\0',NULL,'0','/mobi_test/Test_manish/926',0,'2012-11-10 00:00:00',NULL,'FALSE',NULL,'2013-03-06 22:34:17',0,'http://localhost/834k.mp4',2,899999782,'2012-10-10 00:00:00',16,'2013-03-06 22:34:17',NULL,218),('/var/Jukebox/vod/chunk/original/19/219/clip','\0',NULL,'0','/Test_manish/927',0,'2012-11-10 00:00:00',NULL,'FALSE',NULL,'2013-03-06 23:18:24',0,'http://localhost/834k.mp4',2,899999781,'2012-10-10 00:00:00',16,'2013-03-06 23:17:19',NULL,219),('/var/Jukebox/vod/chunk/original/20/220/clip','\0',NULL,'0','/Test_manish/928',0,'2012-11-10 00:00:00',NULL,'FALSE',NULL,'2013-03-06 23:47:31',0,'http://localhost/834k.mp4',2,899999780,'2012-10-10 00:00:00',16,'2013-03-06 23:47:27',NULL,220),('/var/Jukebox/vod/chunk/original/21/221/clip','\0',NULL,'0','/Test_manish/929',0,'2013-03-21 00:10:22',NULL,'FALSE',NULL,'2013-03-07 00:10:40',0,'@need_init',2,899999779,'2013-03-07 00:10:22',16,'2013-03-07 00:10:22',NULL,221),('/var/Jukebox/vod/chunk/original/22/222/clip','\0',NULL,'0','/930',0,'2012-11-10 00:00:00',NULL,'FALSE',NULL,'2013-03-07 00:12:10',0,'@need_init',2,899999778,'2012-10-10 00:00:00',16,'2013-03-07 00:12:10',NULL,222),('/var/Jukebox/vod/chunk/original/23/223/clip','\0',NULL,'0','/931',0,'2013-03-21 00:46:01',NULL,'FALSE',NULL,'2013-03-07 00:46:01',0,'@need_init',2,899999777,'2013-03-07 00:46:01',16,'2013-03-07 00:46:01',NULL,223),('/var/Jukebox/vod/chunk/original/24/224/clip','\0',NULL,'0','/932',0,'2012-11-10 00:00:00',NULL,'FALSE',NULL,'2013-03-07 00:49:09',0,'@need_init',2,899999776,'2012-10-10 00:00:00',16,'2013-03-07 00:49:09',NULL,224),('/var/Jukebox/vod/chunk/original/25/225/clip','\0',NULL,'0','/933',0,'2012-11-10 00:00:00',NULL,'FALSE',NULL,'2013-03-07 00:51:21',0,'manish.mp4',2,899999775,'2012-10-10 00:00:00',16,'2013-03-07 00:51:21',NULL,225),('/var/Jukebox/vod/chunk/original/26/226/clip','\0',NULL,'0','/934',0,'2012-11-10 00:00:00',NULL,'FALSE',NULL,'2013-03-07 00:55:09',0,'http://localhost/834k.mp4',2,899999774,'2012-10-10 00:00:00',16,'2013-03-07 00:53:01',NULL,226),('/var/Jukebox/vod/chunk/original/27/227/clip','\0',NULL,'0','/935',0,'2013-03-21 00:57:11',NULL,'FALSE',NULL,'2013-03-07 00:57:11',0,'@need_init',2,899999773,'2013-03-07 00:57:11',16,'2013-03-07 00:57:11',NULL,227),('/var/Jukebox/vod/chunk/original/28/228/clip','\0',NULL,'0','/Test_manish/936',0,'2013-03-21 00:59:08',NULL,'FALSE',NULL,'2013-03-07 00:59:08',0,'@need_init',2,899999772,'2013-03-07 00:59:08',16,'2013-03-07 00:59:08',NULL,228),('/var/Jukebox/vod/chunk/original/29/229/clip','\0',NULL,'0','/redbar4000',0,'2015-01-23 23:01:00','Reality, Drama','FALSE',NULL,'2013-03-13 19:51:39',0,'http://tutorials.com/elearning.wmv ',2,899999771,'2007-10-01 23:01:00',16,'2013-03-13 19:51:39',NULL,229),('/var/Jukebox/vod/chunk/original/30/230/clip','\0',NULL,'0','/redbar4001',0,'2015-01-23 23:01:00','Reality, Drama','FALSE',NULL,'2013-03-14 00:03:55',0,'http://tutorials.com/elearning.wmv ',2,899999770,'2007-10-01 23:01:00',16,'2013-03-14 00:03:55',NULL,230),('/var/Jukebox/vod/chunk/original/31/231/clip','\0',NULL,'0','/redbar4002',0,'2015-01-23 23:01:00','Reality, Drama','FALSE',NULL,'2013-03-14 00:07:36',0,'http://tutorials.com/elearning.wmv ',2,899999769,'2007-10-01 23:01:00',16,'2013-03-14 00:07:36',NULL,231),('/var/Jukebox/vod/chunk/original/32/232/clip','\0',NULL,'0','/redbar4003',0,'2015-01-23 23:01:00','Reality, Drama','FALSE',NULL,'2013-03-14 00:47:22',0,'http://tutorials.com/elearning.wmv ',2,899999768,'2007-10-01 23:01:00',16,'2013-03-14 00:47:22',NULL,232),('/var/Jukebox/vod/chunk/original/33/233/clip','\0',NULL,'0','/redbar4004',0,'2015-01-23 23:01:00','Reality, Drama','FALSE',NULL,'2013-03-14 00:48:54',0,'@need_init',2,899999767,'2007-10-01 23:01:00',16,'2013-03-14 00:48:54',NULL,233),('/var/Jukebox/vod/chunk/original/34/234/clip','\0',NULL,'0','/redbar4005',0,'2015-01-23 23:01:00','Reality, Drama','FALSE',NULL,'2013-03-14 00:55:42',0,'@need_init',2,899999766,'2007-10-01 23:01:00',16,'2013-03-14 00:55:42',NULL,234),('/var/Jukebox/vod/chunk/original/35/235/clip','\0',NULL,'0','/show1/ep1/testclip-test-1',0,'2012-11-10 00:00:00',NULL,'FALSE',NULL,'2013-04-17 12:32:34',0,'testclip-test-1.mp4',2,899999765,'2012-10-10 00:00:00',16,'2013-03-28 12:40:02',NULL,235),('/var/Jukebox/vod/chunk/original/37/237/clip','\0',NULL,'0','/show1/ep1/testclip-test-2',0,'2012-11-10 00:00:00',NULL,'FALSE',NULL,'2013-03-28 12:42:21',0,'testclip-test-2.mp4',2,899999763,'2012-10-10 00:00:00',16,'2013-03-28 12:42:13',NULL,237),('/var/Jukebox/vod/chunk/original/43/243/clip','\0',NULL,'0','/skidder_test_2013_04_04-1',0,'2013-11-20 00:00:00','Political Stuff,Stuff','FALSE',NULL,'2013-04-05 19:13:21',0,'@need_init',2,899999757,'2012-10-12 00:00:00',16,'2013-04-05 19:13:21',NULL,243),('/var/Jukebox/vod/chunk/original/44/244/clip','\0',NULL,'0','/skidder_test_2013_04_04-2',0,'2013-11-20 00:00:00','Political Stuff,Stuff','FALSE',NULL,'2013-04-05 19:15:33',0,'@need_init',2,899999756,'2012-10-12 00:00:00',16,'2013-04-05 19:15:33',NULL,244),('/var/Jukebox/vod/chunk/original/45/245/clip','\0',NULL,'0','/skidder_test_2013_04_04-3',0,'2013-11-20 00:00:00','Political Stuff,Stuff','FALSE',NULL,'2013-04-05 19:18:41',0,'@need_init',2,899999755,'2012-10-12 00:00:00',16,'2013-04-05 19:18:41',NULL,245),('/var/Jukebox/vod/chunk/original/46/246/clip','\0',NULL,'0','/skidder_test_2013_04_04-4',0,'2013-11-20 00:00:00','Political Stuff,Stuff','FALSE',NULL,'2013-04-05 19:36:59',0,'@need_init',2,899999754,'2012-10-12 00:00:00',16,'2013-04-05 19:36:59',NULL,246),('/var/Jukebox/vod/chunk/original/47/247/clip','\0',NULL,'0','/skidder_test_2013_04_04-5',0,'2013-11-20 00:00:00','Political Stuff,Stuff','FALSE',NULL,'2013-04-05 19:38:13',0,'@need_init',2,899999753,'2012-10-12 00:00:00',16,'2013-04-05 19:38:13',NULL,247),('/var/Jukebox/vod/chunk/original/48/248/clip','\0',NULL,'0','/skidder_test_2013_04_04-6',0,'2013-11-20 00:00:00','Political Stuff,Stuff','FALSE',NULL,'2013-04-05 19:38:51',0,'@need_init',2,899999752,'2012-10-12 00:00:00',16,'2013-04-05 19:38:51',NULL,248),('/var/Jukebox/vod/chunk/original/49/249/clip','\0',NULL,'0','/skidder_test_2013_04_04-7',0,'2013-11-20 00:00:00','Political Stuff,Stuff','FALSE',NULL,'2013-04-05 19:40:18',0,'@need_init',2,899999751,'2012-10-12 00:00:00',16,'2013-04-05 19:40:16',NULL,249),('/var/Jukebox/vod/chunk/original/50/250/clip','\0',NULL,'0','/testclip-test-9',0,'2012-11-10 00:00:00',NULL,'FALSE',NULL,'2013-04-08 13:54:31',0,'testclip-test-9.mp4',2,899999750,'2012-10-10 00:00:00',16,'2013-04-08 13:54:27',NULL,250),('/var/Jukebox/vod/chunk/original/51/251/clip','\0',NULL,'0','/skidder_test_2013_04_11-01',0,'2013-04-26 00:02:47',NULL,'FALSE',NULL,'2013-04-12 00:02:47',0,'@need_init',2,899999749,'2013-04-12 00:02:46',16,'2013-04-12 00:02:47',NULL,251),('/var/Jukebox/vod/chunk/original/56/256/clip','\0',NULL,'0','/redbar4006',0,'2015-01-23 23:01:00','Reality, Drama','FALSE',NULL,'2013-04-19 00:50:49',0,'@need_init',2,899999744,'2014-10-01 23:01:00',16,'2013-04-15 23:08:35',NULL,256),('/var/Jukebox/vod/chunk/original/57/257/clip','\0',NULL,'0','/redbar1000',0,'2015-01-23 23:01:00','Reality, Drama','FALSE',NULL,'2013-04-15 23:10:01',0,'@need_init',2,899999743,'2014-10-01 23:01:00',16,'2013-04-15 23:10:01',NULL,257),('/var/Jukebox/vod/chunk/original/66/266/clip','\0',NULL,'0','/testclip-test-555',0,'2012-11-10 00:00:00',NULL,'FALSE',NULL,'2013-04-25 06:58:40',0,'testclip-test-555.mp4',2,899999734,'2012-10-10 00:00:00',16,'2013-04-25 06:58:34',NULL,266),('/var/Jukebox/vod/chunk/original/67/267/clip','\0',NULL,'0','/011343',0,'2012-11-10 00:00:00',NULL,'FALSE',NULL,'2013-04-30 23:22:15',0,'manishk.mp4',2,899999733,'2012-10-10 00:00:00',16,'2013-04-30 22:12:08',NULL,267),('/var/Jukebox/vod/chunk/original/68/268/clip','\0',NULL,'0','/22113342',0,'2013-05-16 18:20:22',NULL,'FALSE',NULL,'2013-05-02 18:20:22',0,'@need_init',2,899999732,'2013-05-02 18:20:22',16,'2013-05-02 18:20:22',NULL,268),('/var/Jukebox/vod/chunk/original/69/269/clip','\0',NULL,'0','/22113343',0,'2013-05-16 18:22:27',NULL,'FALSE',NULL,'2013-05-02 18:56:35',0,'@need_init',2,899999731,'2013-05-02 18:22:27',16,'2013-05-02 18:22:27',NULL,269),('/var/Jukebox/vod/chunk/original/70/270/clip','\0',NULL,'0','/22113345',0,'2013-05-16 20:51:00',NULL,'FALSE',NULL,'2013-05-02 20:52:15',0,'@need_init',2,899999730,'2013-05-02 20:51:00',16,'2013-05-02 20:51:00',NULL,270),('/var/Jukebox/vod/chunk/original/71/271/clip','\0',NULL,'0','/22113346',0,'2013-05-16 20:52:37',NULL,'FALSE',NULL,'2013-05-02 21:06:00',0,'@need_init',2,899999729,'2013-05-02 20:52:36',16,'2013-05-02 20:52:37',NULL,271),('/var/Jukebox/vod/chunk/original/72/272/clip','\0',NULL,'0','/22113347',0,'2013-05-16 22:33:26',NULL,'FALSE',NULL,'2013-05-06 18:29:09',0,'@need_init',2,899999728,'2013-05-02 22:19:11',16,'2013-05-02 22:38:13',NULL,272),('/var/Jukebox/vod/chunk/original/73/273/clip','\0',NULL,'0','/22113348',0,'2013-05-20 18:29:14',NULL,'FALSE',NULL,'2013-05-06 21:53:36',0,'@need_init',2,899999727,'2013-05-06 18:29:14',16,'2013-05-06 18:29:14',NULL,273),('/var/Jukebox/vod/chunk/original/74/274/clip','\0',NULL,'0','/22113349',0,'2013-05-20 21:54:08',NULL,'FALSE',NULL,'2013-05-08 23:20:19',0,'@need_init',2,899999726,'2013-05-06 21:54:07',16,'2013-05-06 21:54:08',NULL,274);
/*!40000 ALTER TABLE `CONTENT` ENABLE KEYS */;
UNLOCK TABLES;

--
-- Table structure for table `FOLDER_INVENTORY`
--

DROP TABLE IF EXISTS `FOLDER_INVENTORY`;
/*!40101 SET @saved_cs_client     = @@character_set_client */;
/*!40101 SET character_set_client = utf8 */;
CREATE TABLE `FOLDER_INVENTORY` (
  `CHAPTERIZED_CONTENT` varchar(255) default NULL,
  `EXPIRES` datetime default NULL,
  `GENRE` varchar(255) default NULL,
  `KEYWORD` varchar(255) default NULL,
  `MCDPATH` varchar(255) NOT NULL,
  `NETWORK` varchar(255) default NULL,
  `PLAYLIST_ENABLED` varchar(255) default NULL,
  `PROVIDER_ID` bigint(20) NOT NULL,
  `SHOW` varchar(255) default NULL,
  `START_OF_AVAILABILITY` datetime default NULL,
  `THUMBNAIL_LOCATION` varchar(255) default NULL,
  `TOTAL_NUMBER_OF_PARTS` int(11) default NULL,
  `UI_NAME` varchar(255) NOT NULL,
  `INVENTORY_ID` bigint(20) NOT NULL,
  PRIMARY KEY  (`INVENTORY_ID`),
  KEY `FK6A4A02AB7F5F6C9A` (`INVENTORY_ID`),
  CONSTRAINT `FK6A4A02AB7F5F6C9A` FOREIGN KEY (`INVENTORY_ID`) REFERENCES `TV_INVENTORY` (`INVENTORY_ID`)
) ENGINE=InnoDB DEFAULT CHARSET=latin1;
/*!40101 SET character_set_client = @saved_cs_client */;

--
-- Dumping data for table `FOLDER_INVENTORY`
--

LOCK TABLES `FOLDER_INVENTORY` WRITE;
/*!40000 ALTER TABLE `FOLDER_INVENTORY` DISABLE KEYS */;
INSERT INTO `FOLDER_INVENTORY` (`CHAPTERIZED_CONTENT`, `EXPIRES`, `GENRE`, `KEYWORD`, `MCDPATH`, `NETWORK`, `PLAYLIST_ENABLED`, `PROVIDER_ID`, `SHOW`, `START_OF_AVAILABILITY`, `THUMBNAIL_LOCATION`, `TOTAL_NUMBER_OF_PARTS`, `UI_NAME`, `INVENTORY_ID`) VALUES ('FALSE',NULL,'Politics,News','','2/2','NETWORK FOO!!!','FALSE',2,'FALSE',NULL,'/var/Jukebox/uploads/thumbnails/2/2.jpeg',NULL,'mobi_test//',2),('TRUE',NULL,'Politics,News','','2/17','NETWORK FOO!!!','FALSE',2,'TRUE',NULL,'/var/Jukebox/uploads/thumbnails/2/17.png',NULL,'mobi_test//show1',17),('TRUE',NULL,'Politics,News','','2/19','NETWORK FOO!!!','FALSE',2,'FALSE',NULL,'/var/Jukebox/uploads/thumbnails/2/19.jpeg',NULL,'mobi_test//show1/episode2',19),('FALSE',NULL,'Politics,News','','2/34',NULL,'FALSE',2,'TRUE',NULL,'/var/Jukebox/uploads/thumbnails/2/34.jpeg',NULL,'mobi_test//ABC Full Length Episodes',34),('TRUE',NULL,'Politics,News','','2/35',NULL,'FALSE',2,'FALSE',NULL,'/var/Jukebox/uploads/thumbnails/2/35.jpeg',NULL,'mobi_test//ABC Full Length Episodes/Once Upon a Time',35),('FALSE',NULL,'Politics,News','','2/36',NULL,'FALSE',2,'FALSE',NULL,NULL,NULL,'mobi_test//Family',36),('FALSE',NULL,'Politics,News','','2/37',NULL,'FALSE',2,'TRUE',NULL,NULL,NULL,'mobi_test//Family/Decision 2012',37),('TRUE',NULL,'Politics,News','','2/39',NULL,'FALSE',2,'FALSE',NULL,NULL,NULL,'mobi_test//ABC Full Length Episodes/Once Upon a Time/Episode',39),('FALSE',NULL,NULL,NULL,'2/68',NULL,'FALSE',2,'FALSE',NULL,NULL,NULL,'mobi_test//show1/ep1',68),('FALSE',NULL,NULL,NULL,'2/84',NULL,'FALSE',2,'FALSE',NULL,NULL,NULL,'mobi_test//Primetime',84),('FALSE',NULL,NULL,NULL,'2/85',NULL,'FALSE',2,'FALSE',NULL,NULL,NULL,'mobi_test//Primetime/ShowTitle',85),('FALSE',NULL,NULL,NULL,'2/209',NULL,'FALSE',2,'FALSE',NULL,NULL,NULL,'mobi_test//Test_manish',209),('FALSE',NULL,NULL,NULL,'2/236',NULL,'FALSE',2,'FALSE',NULL,NULL,NULL,'mobi_test//mobi',236),('FALSE',NULL,NULL,NULL,'2/238',NULL,'FALSE',2,'FALSE',NULL,NULL,NULL,'mobi_test//full_episodes',238),('FALSE',NULL,NULL,NULL,'2/239',NULL,'FALSE',2,'FALSE',NULL,NULL,NULL,'mobi_test//full_episodes/bethennys_getting_married',239),('TRUE',NULL,NULL,NULL,'2/240',NULL,'FALSE',2,'FALSE','2030-02-01 00:00:00',NULL,6,'mobi_test//full_episodes/bethennys_getting_married/107_BABY_WON039T_WAIT_14851756',240),('FALSE',NULL,NULL,NULL,'2/241',NULL,'FALSE',2,'FALSE',NULL,NULL,NULL,'mobi_test//full_episodes/platinum_hit',241),('TRUE',NULL,NULL,NULL,'2/242',NULL,'FALSE',2,'FALSE','2030-02-01 00:00:00',NULL,6,'mobi_test//full_episodes/platinum_hit/Dance_Floor_Royalty_16545024',242),('TRUE',NULL,NULL,NULL,'2/252',NULL,'FALSE',2,'TRUE','2030-02-01 00:00:00',NULL,2,'mobi_test//Show-42',252),('TRUE',NULL,NULL,NULL,'2/253',NULL,'FALSE',2,'TRUE','2030-02-01 00:00:00',NULL,2,'mobi_test//Show-43',253),('TRUE',NULL,NULL,NULL,'2/254',NULL,'FALSE',2,'TRUE','2030-02-01 00:00:00',NULL,2,'mobi_test//Show-44',254),('TRUE',NULL,NULL,NULL,'2/255',NULL,'FALSE',2,'TRUE','2030-02-01 00:00:00',NULL,2,'mobi_test//Show-45',255),('TRUE',NULL,NULL,NULL,'2/258',NULL,'FALSE',2,'TRUE','2030-02-01 00:00:00',NULL,2,'mobi_test//Show-46',258),('TRUE',NULL,NULL,NULL,'2/259',NULL,'FALSE',2,'TRUE','2030-02-01 00:00:00',NULL,2,'mobi_test//Show-47',259),('TRUE',NULL,NULL,NULL,'2/260',NULL,'FALSE',2,'TRUE','2030-02-01 00:00:00',NULL,2,'mobi_test//Show-48',260),('TRUE',NULL,NULL,NULL,'2/261',NULL,'FALSE',2,'TRUE','2030-02-01 00:00:00',NULL,2,'mobi_test//Show-49',261),('TRUE',NULL,NULL,NULL,'2/262',NULL,'FALSE',2,'TRUE','2030-02-01 00:00:00',NULL,2,'mobi_test//Show-50',262),('TRUE',NULL,NULL,NULL,'2/263',NULL,'FALSE',2,'TRUE','2030-02-01 00:00:00',NULL,2,'mobi_test//Show-51',263),('TRUE',NULL,NULL,NULL,'2/264',NULL,'FALSE',2,'TRUE','2030-02-01 00:00:00',NULL,2,'mobi_test//Show-52',264),('TRUE',NULL,NULL,NULL,'2/265',NULL,'FALSE',2,'TRUE','2030-02-01 00:00:00',NULL,2,'mobi_test//Show-55',265);
/*!40000 ALTER TABLE `FOLDER_INVENTORY` ENABLE KEYS */;
UNLOCK TABLES;

--
-- Table structure for table `ING_RSS_FEEDS`
--

DROP TABLE IF EXISTS `ING_RSS_FEEDS`;
/*!40101 SET @saved_cs_client     = @@character_set_client */;
/*!40101 SET character_set_client = utf8 */;
CREATE TABLE `ING_RSS_FEEDS` (
  `ID` bigint(20) NOT NULL auto_increment,
  `AUTHURL` text,
  `CRON` varchar(255) default NULL,
  `DATE_STRING` varchar(255) default NULL,
  `FEED_TYPE` varchar(255) NOT NULL,
  `NAME` varchar(255) default NULL,
  `PROVIDER_ID` bigint(20) default NULL,
  `URL` text,
  PRIMARY KEY  (`ID`),
  UNIQUE KEY `PROVIDER_ID` (`PROVIDER_ID`,`FEED_TYPE`),
  UNIQUE KEY `NAME` (`NAME`)
) ENGINE=MyISAM DEFAULT CHARSET=latin1;
/*!40101 SET character_set_client = @saved_cs_client */;

--
-- Dumping data for table `ING_RSS_FEEDS`
--

LOCK TABLES `ING_RSS_FEEDS` WRITE;
/*!40000 ALTER TABLE `ING_RSS_FEEDS` DISABLE KEYS */;
/*!40000 ALTER TABLE `ING_RSS_FEEDS` ENABLE KEYS */;
UNLOCK TABLES;

--
-- Table structure for table `JB_ADVERTISING_FOLDERS`
--

DROP TABLE IF EXISTS `JB_ADVERTISING_FOLDERS`;
/*!40101 SET @saved_cs_client     = @@character_set_client */;
/*!40101 SET character_set_client = utf8 */;
CREATE TABLE `JB_ADVERTISING_FOLDERS` (
  `CONTENT_FOLDER_ID` bigint(20) NOT NULL,
  `PROVIDER_ID` bigint(20) NOT NULL,
  `POST_ROLL_FOLDER_ID` bigint(20) default NULL,
  `PRE_ROLL_FOLDER_ID` bigint(20) default NULL,
  PRIMARY KEY  (`CONTENT_FOLDER_ID`,`PROVIDER_ID`)
) ENGINE=InnoDB DEFAULT CHARSET=latin1;
/*!40101 SET character_set_client = @saved_cs_client */;

--
-- Dumping data for table `JB_ADVERTISING_FOLDERS`
--

LOCK TABLES `JB_ADVERTISING_FOLDERS` WRITE;
/*!40000 ALTER TABLE `JB_ADVERTISING_FOLDERS` DISABLE KEYS */;
/*!40000 ALTER TABLE `JB_ADVERTISING_FOLDERS` ENABLE KEYS */;
UNLOCK TABLES;

--
-- Table structure for table `JB_FOLDER_CLIP_CONFIG`
--

DROP TABLE IF EXISTS `JB_FOLDER_CLIP_CONFIG`;
/*!40101 SET @saved_cs_client     = @@character_set_client */;
/*!40101 SET character_set_client = utf8 */;
CREATE TABLE `JB_FOLDER_CLIP_CONFIG` (
  `clip_assign_type` varchar(255) NOT NULL,
  `clip_assign_to_id` bigint(20) NOT NULL,
  `created_by_app` varchar(255) default NULL,
  `folder_inventory_id` bigint(20) NOT NULL,
  `subscription_mode` bigint(20) NOT NULL,
  PRIMARY KEY  (`clip_assign_to_id`)
) ENGINE=InnoDB DEFAULT CHARSET=latin1;
/*!40101 SET character_set_client = @saved_cs_client */;

--
-- Dumping data for table `JB_FOLDER_CLIP_CONFIG`
--

LOCK TABLES `JB_FOLDER_CLIP_CONFIG` WRITE;
/*!40000 ALTER TABLE `JB_FOLDER_CLIP_CONFIG` DISABLE KEYS */;
/*!40000 ALTER TABLE `JB_FOLDER_CLIP_CONFIG` ENABLE KEYS */;
UNLOCK TABLES;

--
-- Table structure for table `PROVIDERS`
--

DROP TABLE IF EXISTS `PROVIDERS`;
/*!40101 SET @saved_cs_client     = @@character_set_client */;
/*!40101 SET character_set_client = utf8 */;
CREATE TABLE `PROVIDERS` (
  `PROVIDER_ID` bigint(20) NOT NULL auto_increment,
  `DFLT_CONTENT_SHELF_LIFE` float default NULL,
  `PROVIDER` varchar(255) default NULL,
  `SECURED_OVER_WIFI` varchar(255) default NULL,
  `PASSWORD` varchar(255) NOT NULL,
  `REQUIRES_XML_METADATA` varchar(10) default 'FALSE',
  `TIME_ZONE` varchar(255) default NULL,
  `MANAGE_CHAPTERIZED_CONTENT` varchar(255) default NULL,
  PRIMARY KEY  (`PROVIDER_ID`),
  UNIQUE KEY `PROVIDER` (`PROVIDER`)
) ENGINE=InnoDB AUTO_INCREMENT=3 DEFAULT CHARSET=latin1;
/*!40101 SET character_set_client = @saved_cs_client */;

--
-- Dumping data for table `PROVIDERS`
--

LOCK TABLES `PROVIDERS` WRITE;
/*!40000 ALTER TABLE `PROVIDERS` DISABLE KEYS */;
INSERT INTO `PROVIDERS` (`PROVIDER_ID`, `DFLT_CONTENT_SHELF_LIFE`, `PROVIDER`, `SECURED_OVER_WIFI`, `PASSWORD`, `REQUIRES_XML_METADATA`, `TIME_ZONE`, `MANAGE_CHAPTERIZED_CONTENT`) VALUES (2,NULL,'mobi_test',NULL,'cc03e747a6afbbcbf8be7668acfebee5','FALSE','GMT','FALSE');
/*!40000 ALTER TABLE `PROVIDERS` ENABLE KEYS */;
UNLOCK TABLES;

--
-- Table structure for table `PROVIDER_METADATA_CONFIG`
--

DROP TABLE IF EXISTS `PROVIDER_METADATA_CONFIG`;
/*!40101 SET @saved_cs_client     = @@character_set_client */;
/*!40101 SET character_set_client = utf8 */;
CREATE TABLE `PROVIDER_METADATA_CONFIG` (
  `PROVIDER_ID` bigint(20) NOT NULL,
  `CHECKSUM` varchar(255) default NULL,
  `CRID` varchar(255) default NULL,
  `ENABLE_LOCAL_PLAYBACK` varchar(255) default NULL,
  `ENABLE_WIFI` varchar(255) default NULL,
  `EXPIRES` varchar(255) default NULL,
  `FOLDER` varchar(255) default NULL,
  `GENRE` varchar(255) default NULL,
  `INDIRECT_UPLOAD_URL` varchar(255) default NULL,
  `INDUSTRY` varchar(255) default NULL,
  `KEYWORD` varchar(255) default NULL,
  `SHORT_TITLE` varchar(255) default NULL,
  `SLOT` varchar(255) default NULL,
  `START_OF_AVAILABILITY` varchar(255) default NULL,
  `SYNOPSIS` varchar(255) default NULL,
  `THUMBNAIL_UPLOAD_URL` varchar(255) default NULL,
  `TICKER` varchar(255) default NULL,
  `TITLE` varchar(255) default NULL,
  `CLOSED_CAPTION_URL` varchar(255) default NULL,
  `ENCRYPTION_REQUIRED` varchar(255) default NULL,
  PRIMARY KEY  (`PROVIDER_ID`),
  UNIQUE KEY `PROVIDER_ID` (`PROVIDER_ID`)
) ENGINE=InnoDB DEFAULT CHARSET=latin1;
/*!40101 SET character_set_client = @saved_cs_client */;

--
-- Dumping data for table `PROVIDER_METADATA_CONFIG`
--

LOCK TABLES `PROVIDER_METADATA_CONFIG` WRITE;
/*!40000 ALTER TABLE `PROVIDER_METADATA_CONFIG` DISABLE KEYS */;
INSERT INTO `PROVIDER_METADATA_CONFIG` (`PROVIDER_ID`, `CHECKSUM`, `CRID`, `ENABLE_LOCAL_PLAYBACK`, `ENABLE_WIFI`, `EXPIRES`, `FOLDER`, `GENRE`, `INDIRECT_UPLOAD_URL`, `INDUSTRY`, `KEYWORD`, `SHORT_TITLE`, `SLOT`, `START_OF_AVAILABILITY`, `SYNOPSIS`, `THUMBNAIL_UPLOAD_URL`, `TICKER`, `TITLE`, `CLOSED_CAPTION_URL`, `ENCRYPTION_REQUIRED`) VALUES (2,'CHECKSUM',NULL,'ENABLELOCALPLAYBACK','ENABLEWIFI','ENDOFAVAILABILITY','FOLDER','GENRE','INDIRECTUPLOADURL',NULL,'KEYWORD','SHORTTITLE','SLOT','STARTOFAVAILABILITY','SYNOPSIS',NULL,NULL,'TITLE','CLOSED_CAPTION_URL','ENCRYPTION_REQUIRED');
/*!40000 ALTER TABLE `PROVIDER_METADATA_CONFIG` ENABLE KEYS */;
UNLOCK TABLES;

--
-- Table structure for table `TV_FOLDER_ITEM`
--

DROP TABLE IF EXISTS `TV_FOLDER_ITEM`;
/*!40101 SET @saved_cs_client     = @@character_set_client */;
/*!40101 SET character_set_client = utf8 */;
CREATE TABLE `TV_FOLDER_ITEM` (
  `ID` bigint(20) NOT NULL auto_increment,
  `CREATED_TIME` datetime NOT NULL,
  `DISPLAY_CODE` varchar(255) NOT NULL,
  `DISPLAY_ORDER` bigint(20) NOT NULL,
  `ITEM_INVENTORY_ID` bigint(20) NOT NULL,
  `LAST_UPDATED_TIME` datetime NOT NULL,
  `LAST_UPDATED_BY` varchar(255) NOT NULL,
  `FOLDER_INVENTORY_ID` bigint(20) NOT NULL,
  PRIMARY KEY  (`ID`),
  UNIQUE KEY `FOLDER_INVENTORY_ID` (`FOLDER_INVENTORY_ID`,`ITEM_INVENTORY_ID`)
) ENGINE=InnoDB AUTO_INCREMENT=351 DEFAULT CHARSET=latin1;
/*!40101 SET character_set_client = @saved_cs_client */;

--
-- Dumping data for table `TV_FOLDER_ITEM`
--

LOCK TABLES `TV_FOLDER_ITEM` WRITE;
/*!40000 ALTER TABLE `TV_FOLDER_ITEM` DISABLE KEYS */;
INSERT INTO `TV_FOLDER_ITEM` (`ID`, `CREATED_TIME`, `DISPLAY_CODE`, `DISPLAY_ORDER`, `ITEM_INVENTORY_ID`, `LAST_UPDATED_TIME`, `LAST_UPDATED_BY`, `FOLDER_INVENTORY_ID`) VALUES (1,'2012-10-13 00:56:12','inv1',899999999,1,'2012-10-13 00:56:12','JB',2),(2,'2012-10-15 19:54:48','inv3',899999997,3,'2012-10-15 19:54:48','JB',2),(3,'2012-10-15 20:03:35','inv4',899999996,4,'2012-10-15 20:03:35','JB',2),(4,'2012-10-15 20:16:12','inv5',899999995,5,'2012-10-15 20:16:12','JB',2),(5,'2012-10-15 20:29:18','inv6',899999994,6,'2012-10-15 20:29:18','JB',2),(6,'2012-10-15 22:37:52','inv7',899999993,7,'2012-10-15 22:37:52','JB',2),(7,'2012-10-15 23:07:22','inv8',899999992,8,'2012-10-15 23:07:22','JB',2),(8,'2012-10-15 23:12:27','inv9',899999991,9,'2012-10-15 23:12:27','JB',2),(9,'2012-10-15 23:40:17','inv10',899999990,10,'2012-10-15 23:40:17','JB',2),(10,'2012-10-16 01:51:40','inv11',899999989,11,'2012-10-16 01:51:40','JB',2),(11,'2012-10-16 17:16:37','inv12',899999988,12,'2012-10-16 17:16:37','JB',2),(12,'2012-10-16 17:19:10','inv13',899999987,13,'2012-10-16 17:19:10','JB',2),(13,'2012-10-16 18:00:48','inv14',899999986,14,'2012-10-16 18:00:48','JB',2),(14,'2012-10-16 21:10:20','inv15',899999985,15,'2012-10-16 21:10:20','JB',2),(15,'2012-10-16 21:12:04','inv17',899999983,17,'2012-10-16 21:12:04','JB',2),(16,'2012-10-16 21:12:04','inv16',899999984,16,'2012-10-16 21:12:04','JB',17),(17,'2012-10-17 01:50:13','inv18',899999982,18,'2012-10-17 01:50:13','JB',17),(18,'2012-10-17 01:50:42','inv19',899999981,19,'2012-10-17 01:50:42','JB',17),(19,'2012-10-17 01:53:36','inv20',899999980,20,'2012-10-17 01:53:36','JB',19),(20,'2012-10-17 23:45:04','inv21',899999979,21,'2012-10-17 23:45:04','JB',19),(21,'2012-10-17 23:54:45','inv22',899999978,22,'2012-10-17 23:54:45','JB',19),(22,'2012-10-18 01:03:00','inv23',899999977,23,'2012-10-18 01:03:00','JB',19),(23,'2012-10-19 18:25:24','inv24',899999976,24,'2012-10-19 18:25:24','JB',17),(24,'2012-10-20 00:02:17','inv25',899999975,25,'2012-10-20 00:02:17','JB',17),(25,'2012-10-20 00:18:12','inv26',899999974,26,'2012-10-20 00:18:12','JB',17),(26,'2012-10-20 00:20:19','inv27',899999973,27,'2012-10-20 00:20:19','JB',17),(27,'2012-10-20 01:24:48','inv28',899999972,28,'2012-10-20 01:24:48','JB',17),(28,'2012-10-20 01:48:43','inv29',899999971,29,'2012-10-20 01:48:43','JB',17),(29,'2012-10-20 02:08:32','inv30',899999970,30,'2012-10-20 02:08:32','JB',17),(30,'2012-10-20 02:11:05','inv31',899999969,31,'2012-10-20 02:11:05','JB',17),(31,'2012-10-23 00:18:49','inv32',899999968,32,'2012-10-23 00:18:49','JB',2),(32,'2012-10-31 16:05:55','inv34',899999966,34,'2012-10-31 16:05:55','JB',2),(33,'2012-10-31 16:05:55','inv35',899999965,35,'2012-10-31 16:05:55','JB',34),(34,'2012-10-31 16:05:55','inv33',899999967,33,'2012-10-31 16:05:55','JB',35),(35,'2012-10-31 16:13:25','inv36',899999964,36,'2012-10-31 16:13:25','JB',2),(36,'2012-10-31 16:13:26','inv37',899999963,37,'2012-10-31 16:13:26','JB',36),(37,'2012-10-31 16:13:26','inv3',899999997,3,'2012-10-31 16:13:26','JB',37),(38,'2012-10-31 16:14:57','inv38',899999962,38,'2012-10-31 16:14:57','JB',37),(39,'2012-11-09 16:15:42','inv39',899999961,39,'2012-11-09 16:15:42','JB',35),(40,'2012-11-13 22:45:53','inv40',899999960,40,'2012-11-13 22:45:53','JB',2),(41,'2012-11-13 22:48:14','inv41',899999959,41,'2012-11-13 22:48:14','JB',2),(42,'2012-11-13 23:38:45','inv42',899999958,42,'2012-11-13 23:38:45','JB',2),(43,'2012-11-13 23:46:54','inv43',899999957,43,'2012-11-13 23:46:54','JB',2),(44,'2012-11-13 23:47:39','inv44',899999956,44,'2012-11-13 23:47:39','JB',2),(45,'2012-11-13 23:48:44','inv45',899999955,45,'2012-11-13 23:48:44','JB',2),(46,'2012-11-13 23:51:20','inv46',899999954,46,'2012-11-13 23:51:20','JB',2),(47,'2012-11-13 23:53:04','inv47',899999953,47,'2012-11-13 23:53:04','JB',2),(48,'2012-11-13 23:55:51','inv48',899999952,48,'2012-11-13 23:55:51','JB',2),(49,'2012-11-13 23:58:16','inv49',899999951,49,'2012-11-13 23:58:16','JB',2),(50,'2012-11-14 00:01:57','inv50',899999950,50,'2012-11-14 00:01:57','JB',2),(51,'2012-11-14 00:04:39','inv51',899999949,51,'2012-11-14 00:04:39','JB',2),(52,'2012-11-14 00:23:50','inv52',899999948,52,'2012-11-14 00:23:50','JB',2),(53,'2012-11-14 00:28:21','inv53',899999947,53,'2012-11-14 00:28:21','JB',2),(54,'2012-11-14 00:57:37','inv54',899999946,54,'2012-11-14 00:57:37','JB',2),(55,'2012-11-14 00:57:50','inv55',899999945,55,'2012-11-14 00:57:50','JB',2),(56,'2012-11-14 00:58:14','inv56',899999944,56,'2012-11-14 00:58:14','JB',2),(57,'2012-11-14 01:05:14','inv57',899999943,57,'2012-11-14 01:05:14','JB',2),(58,'2012-11-14 01:11:18','inv58',899999942,58,'2012-11-14 01:11:18','JB',2),(59,'2012-11-14 01:57:16','inv59',899999941,59,'2012-11-14 01:57:16','JB',2),(60,'2012-11-14 02:30:20','inv60',899999940,60,'2012-11-14 02:30:20','JB',2),(61,'2012-11-21 01:43:37','inv61',899999939,61,'2012-11-21 01:43:37','JB',2),(62,'2012-11-21 23:02:32','inv62',899999938,62,'2012-11-21 23:02:32','JB',2),(63,'2012-11-21 23:20:12','inv63',899999937,63,'2012-11-21 23:20:12','JB',2),(64,'2012-11-26 23:38:55','inv64',899999936,64,'2012-11-26 23:38:55','JB',2),(65,'2012-11-27 01:22:26','inv65',899999935,65,'2012-11-27 01:22:26','JB',2),(66,'2012-11-27 20:11:31','inv66',899999934,66,'2012-11-27 20:11:31','JB',2),(67,'2012-11-28 00:01:18','inv68',899999932,68,'2012-11-28 00:01:18','JB',17),(68,'2012-11-28 00:01:18','inv67',899999933,67,'2012-11-28 00:01:18','JB',68),(69,'2012-11-28 00:47:14','inv69',899999931,69,'2012-11-28 00:47:14','JB',19),(70,'2012-11-28 01:56:06','inv65',899999935,65,'2012-11-28 01:56:06','JB',37),(71,'2012-11-28 01:57:36','inv64',899999936,64,'2012-11-28 01:57:36','JB',37),(72,'2012-11-28 01:59:02','inv70',899999930,70,'2012-11-28 01:59:02','JB',37),(73,'2012-11-28 01:59:10','inv63',899999937,63,'2012-11-28 01:59:10','JB',37),(74,'2012-11-28 02:02:48','inv71',899999929,71,'2012-11-28 02:02:48','JB',37),(75,'2012-11-28 02:04:03','inv72',899999928,72,'2012-11-28 02:04:03','JB',37),(76,'2012-11-28 02:11:48','inv73',899999927,73,'2012-11-28 02:11:48','JB',37),(77,'2012-11-28 02:13:37','inv74',899999926,74,'2012-11-28 02:13:37','JB',37),(78,'2012-11-28 02:24:23','inv75',899999925,75,'2012-11-28 02:24:23','JB',37),(79,'2012-12-05 01:10:50','inv76',899999924,76,'2012-12-05 01:10:50','JB',17),(80,'2012-12-05 01:12:25','inv77',899999923,77,'2012-12-05 01:12:25','JB',68),(81,'2012-12-05 01:12:52','inv78',899999922,78,'2012-12-05 01:12:52','JB',19),(82,'2012-12-05 12:06:23','inv79',899999921,79,'2012-12-05 12:06:23','JB',2),(83,'2012-12-10 19:33:29','inv80',899999920,80,'2012-12-10 19:33:29','JB',37),(84,'2012-12-10 19:34:40','inv81',899999919,81,'2012-12-10 19:34:40','JB',37),(85,'2012-12-10 19:41:31','inv82',899999918,82,'2012-12-10 19:41:31','JB',2),(86,'2012-12-10 19:44:04','inv83',899999917,83,'2012-12-10 19:44:04','JB',2),(87,'2012-12-12 18:27:30','inv84',899999916,84,'2012-12-12 18:27:30','JB',2),(88,'2012-12-12 18:27:30','inv85',899999915,85,'2012-12-12 18:27:30','JB',84),(89,'2012-12-12 18:27:30','inv82',899999918,82,'2012-12-12 18:27:30','JB',85),(90,'2012-12-13 23:17:38','inv86',899999914,86,'2012-12-13 23:17:38','JB',17),(91,'2012-12-18 02:11:45','inv87',899999913,87,'2012-12-18 02:11:45','JB',2),(92,'2012-12-18 02:32:08','inv88',899999912,88,'2012-12-18 02:32:08','JB',2),(93,'2012-12-18 19:40:01','inv89',899999911,89,'2012-12-18 19:40:01','JB',2),(94,'2012-12-18 23:23:02','inv90',899999910,90,'2012-12-18 23:23:02','JB',17),(95,'2012-12-19 01:00:21','inv91',899999909,91,'2012-12-19 01:00:21','JB',2),(96,'2012-12-19 18:41:48','inv92',899999908,92,'2012-12-19 18:41:48','JB',2),(97,'2012-12-20 00:37:53','inv93',899999907,93,'2012-12-20 00:37:53','JB',17),(98,'2012-12-20 00:47:14','inv94',899999906,94,'2012-12-20 00:47:14','JB',19),(99,'2012-12-20 00:59:18','inv95',899999905,95,'2012-12-20 00:59:18','JB',17),(100,'2012-12-20 01:23:38','inv96',899999904,96,'2012-12-20 01:23:38','JB',68),(101,'2012-12-20 01:27:16','inv97',899999903,97,'2012-12-20 01:27:16','JB',2),(102,'2012-12-20 01:30:17','inv98',899999902,98,'2012-12-20 01:30:17','JB',2),(103,'2012-12-20 01:32:52','inv99',899999901,99,'2012-12-20 01:32:52','JB',2),(104,'2012-12-20 01:38:01','inv100',899999900,100,'2012-12-20 01:38:01','JB',2),(105,'2012-12-20 01:41:15','inv101',899999899,101,'2012-12-20 01:41:15','JB',2),(106,'2012-12-20 21:43:56','inv102',899999898,102,'2012-12-20 21:43:56','JB',68),(107,'2012-12-20 21:47:23','inv103',899999897,103,'2012-12-20 21:47:23','JB',68),(108,'2013-01-10 22:52:50','inv104',899999896,104,'2013-01-10 22:52:50','JB',68),(109,'2013-01-10 22:55:00','inv105',899999895,105,'2013-01-10 22:55:00','JB',68),(110,'2013-01-10 23:31:14','inv106',899999894,106,'2013-01-10 23:31:14','JB',2),(111,'2013-01-15 23:55:09','inv107',899999893,107,'2013-01-15 23:55:09','JB',68),(112,'2013-01-16 00:13:26','inv108',899999892,108,'2013-01-16 00:13:26','JB',68),(113,'2013-01-16 00:15:06','inv109',899999891,109,'2013-01-16 00:15:06','JB',68),(114,'2013-01-17 00:51:57','inv110',899999890,110,'2013-01-17 00:51:57','JB',68),(115,'2013-01-22 00:49:17','inv111',899999889,111,'2013-01-22 00:49:17','JB',2),(116,'2013-01-29 22:05:36','inv112',899999888,112,'2013-01-29 22:05:36','JB',2),(117,'2013-01-29 22:06:48','inv112',899999888,112,'2013-01-29 22:06:48','JB',37),(118,'2013-01-29 22:09:07','inv113',899999887,113,'2013-01-29 22:09:07','JB',37),(119,'2013-01-29 22:12:27','inv114',899999886,114,'2013-01-29 22:12:27','JB',37),(120,'2013-01-29 22:19:46','inv115',899999885,115,'2013-01-29 22:19:46','JB',37),(121,'2013-01-29 22:29:51','inv116',899999884,116,'2013-01-29 22:29:51','JB',37),(122,'2013-02-04 23:30:10','inv117',899999883,117,'2013-02-04 23:30:10','JB',19),(123,'2013-02-06 00:32:42','inv118',899999882,118,'2013-02-06 00:32:42','JB',19),(124,'2013-02-06 00:42:41','inv119',899999881,119,'2013-02-06 00:42:41','JB',19),(125,'2013-02-06 00:46:45','inv120',899999880,120,'2013-02-06 00:46:45','JB',19),(126,'2013-02-06 00:50:20','inv121',899999879,121,'2013-02-06 00:50:20','JB',19),(127,'2013-02-06 01:17:08','inv122',899999878,122,'2013-02-06 01:17:08','JB',19),(128,'2013-02-06 01:26:39','inv123',899999877,123,'2013-02-06 01:26:39','JB',19),(129,'2013-02-06 01:26:56','inv124',899999876,124,'2013-02-06 01:26:56','JB',19),(130,'2013-02-08 01:17:45','inv125',899999875,125,'2013-02-08 01:17:45','JB',68),(131,'2013-02-26 19:51:30','inv126',899999874,126,'2013-02-26 19:51:30','JB',2),(132,'2013-02-26 19:52:48','inv127',899999873,127,'2013-02-26 19:52:48','JB',2),(133,'2013-02-26 20:11:26','inv128',899999872,128,'2013-02-26 20:11:26','JB',2),(134,'2013-02-26 20:47:14','inv129',899999871,129,'2013-02-26 20:47:14','JB',2),(135,'2013-02-26 20:49:11','inv130',899999870,130,'2013-02-26 20:49:11','JB',2),(136,'2013-02-26 20:58:26','inv131',899999869,131,'2013-02-26 20:58:26','JB',2),(137,'2013-02-26 21:09:03','inv132',899999868,132,'2013-02-26 21:09:03','JB',2),(138,'2013-02-26 21:12:12','inv133',899999867,133,'2013-02-26 21:12:12','JB',2),(139,'2013-02-26 21:19:32','inv134',899999866,134,'2013-02-26 21:19:32','JB',2),(140,'2013-02-27 22:50:34','inv135',899999865,135,'2013-02-27 22:50:34','JB',2),(141,'2013-02-27 23:01:48','inv136',899999864,136,'2013-02-27 23:01:48','JB',37),(142,'2013-02-27 23:10:20','inv137',899999863,137,'2013-02-27 23:10:20','JB',37),(143,'2013-02-27 23:11:28','inv138',899999862,138,'2013-02-27 23:11:28','JB',2),(144,'2013-02-27 23:46:41','inv139',899999861,139,'2013-02-27 23:46:41','JB',2),(145,'2013-02-28 00:04:48','inv139',899999861,139,'2013-02-28 00:04:48','JB',37),(146,'2013-02-28 00:12:04','inv140',899999860,140,'2013-02-28 00:12:04','JB',2),(147,'2013-02-28 00:17:15','inv140',899999860,140,'2013-02-28 00:17:15','JB',37),(148,'2013-02-28 01:42:43','inv141',899999859,141,'2013-02-28 01:42:43','JB',2),(149,'2013-02-28 01:42:47','inv141',899999859,141,'2013-02-28 01:42:47','JB',37),(150,'2013-02-28 01:46:15','inv142',899999858,142,'2013-02-28 01:46:15','JB',2),(151,'2013-02-28 01:49:10','inv143',899999857,143,'2013-02-28 01:49:10','JB',2),(152,'2013-02-28 01:49:11','inv143',899999857,143,'2013-02-28 01:49:11','JB',37),(153,'2013-02-28 19:07:31','inv144',899999856,144,'2013-02-28 19:07:31','JB',2),(154,'2013-02-28 19:07:58','inv144',899999856,144,'2013-02-28 19:07:58','JB',37),(155,'2013-02-28 19:08:14','inv145',899999855,145,'2013-02-28 19:08:14','JB',2),(156,'2013-02-28 19:08:23','inv145',899999855,145,'2013-02-28 19:08:23','JB',37),(157,'2013-02-28 19:08:50','inv146',899999854,146,'2013-02-28 19:08:50','JB',2),(158,'2013-02-28 19:08:56','inv146',899999854,146,'2013-02-28 19:08:56','JB',37),(159,'2013-02-28 19:17:09','inv147',899999853,147,'2013-02-28 19:17:09','JB',2),(160,'2013-02-28 19:17:15','inv147',899999853,147,'2013-02-28 19:17:15','JB',37),(161,'2013-02-28 19:18:17','inv148',899999852,148,'2013-02-28 19:18:17','JB',2),(162,'2013-02-28 19:18:22','inv148',899999852,148,'2013-02-28 19:18:22','JB',37),(163,'2013-02-28 19:54:51','inv149',899999851,149,'2013-02-28 19:54:51','JB',2),(164,'2013-02-28 19:54:56','inv149',899999851,149,'2013-02-28 19:54:56','JB',37),(165,'2013-02-28 19:56:15','inv150',899999850,150,'2013-02-28 19:56:15','JB',2),(166,'2013-02-28 19:56:18','inv150',899999850,150,'2013-02-28 19:56:18','JB',37),(167,'2013-02-28 20:13:44','inv151',899999849,151,'2013-02-28 20:13:44','JB',2),(168,'2013-02-28 20:13:55','inv151',899999849,151,'2013-02-28 20:13:55','JB',37),(169,'2013-02-28 20:17:26','inv152',899999848,152,'2013-02-28 20:17:26','JB',2),(170,'2013-02-28 20:17:27','inv152',899999848,152,'2013-02-28 20:17:27','JB',37),(171,'2013-02-28 22:27:11','inv153',899999847,153,'2013-02-28 22:27:11','JB',2),(172,'2013-02-28 22:27:17','inv153',899999847,153,'2013-02-28 22:27:17','JB',37),(173,'2013-02-28 22:42:39','inv154',899999846,154,'2013-02-28 22:42:39','JB',2),(174,'2013-02-28 22:43:12','inv154',899999846,154,'2013-02-28 22:43:12','JB',37),(175,'2013-02-28 22:44:43','inv155',899999845,155,'2013-02-28 22:44:43','JB',2),(176,'2013-02-28 22:44:47','inv155',899999845,155,'2013-02-28 22:44:47','JB',37),(177,'2013-02-28 22:47:55','inv156',899999844,156,'2013-02-28 22:47:55','JB',2),(178,'2013-02-28 22:48:13','inv156',899999844,156,'2013-02-28 22:48:13','JB',37),(179,'2013-02-28 22:49:06','inv157',899999843,157,'2013-02-28 22:49:06','JB',2),(180,'2013-02-28 22:49:51','inv157',899999843,157,'2013-02-28 22:49:51','JB',37),(181,'2013-02-28 22:50:45','inv158',899999842,158,'2013-02-28 22:50:45','JB',2),(182,'2013-02-28 22:50:48','inv158',899999842,158,'2013-02-28 22:50:48','JB',37),(183,'2013-02-28 23:56:27','inv159',899999841,159,'2013-02-28 23:56:27','JB',2),(184,'2013-02-28 23:56:34','inv159',899999841,159,'2013-02-28 23:56:34','JB',37),(185,'2013-03-01 00:09:06','inv160',899999840,160,'2013-03-01 00:09:06','JB',2),(186,'2013-03-01 00:09:39','inv160',899999840,160,'2013-03-01 00:09:39','JB',37),(187,'2013-03-01 00:10:14','inv161',899999839,161,'2013-03-01 00:10:14','JB',2),(188,'2013-03-01 00:10:20','inv161',899999839,161,'2013-03-01 00:10:20','JB',37),(189,'2013-03-01 01:00:28','inv162',899999838,162,'2013-03-01 01:00:28','JB',2),(190,'2013-03-01 01:00:30','inv162',899999838,162,'2013-03-01 01:00:30','JB',37),(191,'2013-03-01 01:07:42','inv163',899999837,163,'2013-03-01 01:07:42','JB',2),(192,'2013-03-01 01:07:44','inv163',899999837,163,'2013-03-01 01:07:44','JB',37),(193,'2013-03-01 01:10:12','inv164',899999836,164,'2013-03-01 01:10:12','JB',2),(194,'2013-03-01 01:10:15','inv164',899999836,164,'2013-03-01 01:10:15','JB',37),(195,'2013-03-01 01:33:24','inv165',899999835,165,'2013-03-01 01:33:24','JB',2),(196,'2013-03-01 01:33:36','inv165',899999835,165,'2013-03-01 01:33:36','JB',37),(197,'2013-03-01 01:41:08','inv166',899999834,166,'2013-03-01 01:41:08','JB',2),(198,'2013-03-01 01:41:09','inv166',899999834,166,'2013-03-01 01:41:09','JB',37),(199,'2013-03-01 01:45:10','inv167',899999833,167,'2013-03-01 01:45:10','JB',2),(200,'2013-03-01 01:45:14','inv167',899999833,167,'2013-03-01 01:45:14','JB',37),(201,'2013-03-01 01:49:21','inv168',899999832,168,'2013-03-01 01:49:21','JB',2),(202,'2013-03-01 01:49:22','inv168',899999832,168,'2013-03-01 01:49:22','JB',37),(203,'2013-03-01 01:51:15','inv169',899999831,169,'2013-03-01 01:51:15','JB',2),(204,'2013-03-01 01:52:00','inv169',899999831,169,'2013-03-01 01:52:00','JB',37),(205,'2013-03-01 01:56:17','inv170',899999830,170,'2013-03-01 01:56:17','JB',2),(206,'2013-03-01 01:56:20','inv170',899999830,170,'2013-03-01 01:56:20','JB',37),(207,'2013-03-01 02:01:03','inv171',899999829,171,'2013-03-01 02:01:03','JB',2),(208,'2013-03-01 02:01:16','inv171',899999829,171,'2013-03-01 02:01:16','JB',37),(209,'2013-03-01 23:03:18','inv172',899999828,172,'2013-03-01 23:03:18','JB',2),(210,'2013-03-01 23:03:21','inv172',899999828,172,'2013-03-01 23:03:21','JB',37),(211,'2013-03-01 23:07:40','inv173',899999827,173,'2013-03-01 23:07:40','JB',2),(212,'2013-03-01 23:36:48','inv174',899999826,174,'2013-03-01 23:36:48','JB',2),(213,'2013-03-01 23:36:51','inv174',899999826,174,'2013-03-01 23:36:51','JB',37),(214,'2013-03-02 00:30:49','inv175',899999825,175,'2013-03-02 00:30:49','JB',2),(215,'2013-03-02 00:31:22','inv175',899999825,175,'2013-03-02 00:31:22','JB',37),(216,'2013-03-02 00:46:57','inv176',899999824,176,'2013-03-02 00:46:57','JB',2),(217,'2013-03-02 00:46:58','inv176',899999824,176,'2013-03-02 00:46:58','JB',37),(218,'2013-03-04 22:25:43','inv177',899999823,177,'2013-03-04 22:25:43','JB',2),(219,'2013-03-04 22:27:03','inv177',899999823,177,'2013-03-04 22:27:03','JB',37),(220,'2013-03-04 22:28:22','inv178',899999822,178,'2013-03-04 22:28:22','JB',2),(221,'2013-03-04 22:36:27','inv179',899999821,179,'2013-03-04 22:36:27','JB',2),(222,'2013-03-04 22:36:43','inv179',899999821,179,'2013-03-04 22:36:43','JB',37),(223,'2013-03-04 22:38:55','inv180',899999820,180,'2013-03-04 22:38:55','JB',2),(224,'2013-03-04 22:50:16','inv180',899999820,180,'2013-03-04 22:50:16','JB',37),(225,'2013-03-04 22:53:57','inv181',899999819,181,'2013-03-04 22:53:57','JB',2),(226,'2013-03-04 22:55:18','inv181',899999819,181,'2013-03-04 22:55:18','JB',37),(227,'2013-03-04 23:02:08','inv182',899999818,182,'2013-03-04 23:02:08','JB',2),(228,'2013-03-04 23:02:39','inv182',899999818,182,'2013-03-04 23:02:39','JB',37),(229,'2013-03-05 01:47:51','inv183',899999817,183,'2013-03-05 01:47:51','JB',2),(230,'2013-03-05 02:00:05','inv184',899999816,184,'2013-03-05 02:00:05','JB',2),(231,'2013-03-05 02:00:45','inv184',899999816,184,'2013-03-05 02:00:45','JB',37),(232,'2013-03-05 19:32:18','inv185',899999815,185,'2013-03-05 19:32:18','JB',2),(233,'2013-03-05 22:40:02','inv186',899999814,186,'2013-03-05 22:40:02','JB',37),(234,'2013-03-05 22:44:46','inv187',899999813,187,'2013-03-05 22:44:46','JB',37),(235,'2013-03-05 22:49:59','inv188',899999812,188,'2013-03-05 22:49:59','JB',37),(236,'2013-03-05 22:51:03','inv189',899999811,189,'2013-03-05 22:51:03','JB',37),(237,'2013-03-05 22:54:13','inv190',899999810,190,'2013-03-05 22:54:13','JB',37),(238,'2013-03-05 22:57:16','inv191',899999809,191,'2013-03-05 22:57:16','JB',2),(239,'2013-03-05 22:57:58','inv191',899999809,191,'2013-03-05 22:57:58','JB',37),(240,'2013-03-05 22:59:37','inv192',899999808,192,'2013-03-05 22:59:37','JB',2),(241,'2013-03-05 23:02:32','inv193',899999807,193,'2013-03-05 23:02:32','JB',2),(242,'2013-03-05 23:13:55','inv194',899999806,194,'2013-03-05 23:13:55','JB',37),(243,'2013-03-05 23:17:08','inv195',899999805,195,'2013-03-05 23:17:08','JB',2),(244,'2013-03-05 23:25:41','inv196',899999804,196,'2013-03-05 23:25:41','JB',2),(245,'2013-03-05 23:25:51','inv196',899999804,196,'2013-03-05 23:25:51','JB',37),(246,'2013-03-05 23:36:47','inv197',899999803,197,'2013-03-05 23:36:47','JB',2),(247,'2013-03-06 00:18:35','inv198',899999802,198,'2013-03-06 00:18:35','JB',37),(248,'2013-03-06 00:21:14','inv199',899999801,199,'2013-03-06 00:21:14','JB',37),(249,'2013-03-06 01:47:22','inv200',899999800,200,'2013-03-06 01:47:22','JB',37),(250,'2013-03-06 01:53:14','inv201',899999799,201,'2013-03-06 01:53:14','JB',37),(251,'2013-03-06 01:58:13','inv202',899999798,202,'2013-03-06 01:58:13','JB',37),(252,'2013-03-06 02:05:10','inv203',899999797,203,'2013-03-06 02:05:10','JB',37),(253,'2013-03-06 18:36:33','inv204',899999796,204,'2013-03-06 18:36:33','JB',37),(254,'2013-03-06 21:23:27','inv205',899999795,205,'2013-03-06 21:23:27','JB',37),(255,'2013-03-06 21:34:05','inv206',899999794,206,'2013-03-06 21:34:05','JB',37),(256,'2013-03-06 21:39:03','inv207',899999793,207,'2013-03-06 21:39:03','JB',37),(257,'2013-03-06 21:45:18','inv208',899999792,208,'2013-03-06 21:45:18','JB',37),(258,'2013-03-06 21:45:18','inv209',899999791,209,'2013-03-06 21:45:18','JB',2),(259,'2013-03-06 21:45:18','inv208',899999792,208,'2013-03-06 21:45:18','JB',209),(260,'2013-03-06 21:52:58','inv210',899999790,210,'2013-03-06 21:52:58','JB',209),(261,'2013-03-06 21:53:29','inv210',899999790,210,'2013-03-06 21:53:29','JB',37),(262,'2013-03-06 21:57:17','inv211',899999789,211,'2013-03-06 21:57:17','JB',37),(263,'2013-03-06 21:57:39','inv212',899999788,212,'2013-03-06 21:57:39','JB',37),(264,'2013-03-06 21:57:39','inv212',899999788,212,'2013-03-06 21:57:39','JB',209),(265,'2013-03-06 22:01:33','inv213',899999787,213,'2013-03-06 22:01:33','JB',37),(266,'2013-03-06 22:01:39','inv214',899999786,214,'2013-03-06 22:01:39','JB',37),(267,'2013-03-06 22:01:39','inv214',899999786,214,'2013-03-06 22:01:39','JB',209),(268,'2013-03-06 22:10:43','inv215',899999785,215,'2013-03-06 22:10:43','JB',37),(269,'2013-03-06 22:11:56','inv216',899999784,216,'2013-03-06 22:11:56','JB',37),(270,'2013-03-06 22:11:56','inv216',899999784,216,'2013-03-06 22:11:56','JB',209),(271,'2013-03-06 22:23:09','inv217',899999783,217,'2013-03-06 22:23:09','JB',37),(272,'2013-03-06 22:34:17','inv218',899999782,218,'2013-03-06 22:34:17','JB',37),(273,'2013-03-06 23:17:21','inv219',899999781,219,'2013-03-06 23:17:21','JB',37),(274,'2013-03-06 23:18:24','inv219',899999781,219,'2013-03-06 23:18:24','JB',209),(275,'2013-03-06 23:47:27','inv220',899999780,220,'2013-03-06 23:47:27','JB',37),(276,'2013-03-06 23:47:31','inv220',899999780,220,'2013-03-06 23:47:31','JB',209),(277,'2013-03-07 00:10:22','inv221',899999779,221,'2013-03-07 00:10:22','JB',209),(278,'2013-03-07 00:10:41','inv221',899999779,221,'2013-03-07 00:10:41','JB',37),(279,'2013-03-07 00:12:10','inv222',899999778,222,'2013-03-07 00:12:10','JB',37),(280,'2013-03-07 00:46:01','inv223',899999777,223,'2013-03-07 00:46:01','JB',2),(281,'2013-03-07 00:49:09','inv224',899999776,224,'2013-03-07 00:49:09','JB',37),(282,'2013-03-07 00:51:21','inv225',899999775,225,'2013-03-07 00:51:21','JB',37),(283,'2013-03-07 00:53:01','inv226',899999774,226,'2013-03-07 00:53:01','JB',37),(284,'2013-03-07 00:57:11','inv227',899999773,227,'2013-03-07 00:57:11','JB',37),(285,'2013-03-07 00:59:09','inv228',899999772,228,'2013-03-07 00:59:09','JB',37),(286,'2013-03-07 00:59:09','inv228',899999772,228,'2013-03-07 00:59:09','JB',209),(287,'2013-03-13 19:51:39','inv229',899999771,229,'2013-03-13 19:51:39','JB',85),(288,'2013-03-14 00:03:56','inv230',899999770,230,'2013-03-14 00:03:56','JB',85),(289,'2013-03-14 00:07:42','inv231',899999769,231,'2013-03-14 00:07:42','JB',85),(290,'2013-03-14 00:47:56','inv232',899999768,232,'2013-03-14 00:47:56','JB',85),(291,'2013-03-14 00:48:54','inv233',899999767,233,'2013-03-14 00:48:54','JB',85),(292,'2013-03-14 00:55:42','inv234',899999766,234,'2013-03-14 00:55:42','JB',85),(293,'2013-03-28 12:40:02','inv236',899999764,236,'2013-03-28 12:40:02','JB',2),(294,'2013-03-28 12:40:02','inv235',899999765,235,'2013-03-28 12:40:02','JB',236),(295,'2013-03-28 12:42:13','inv237',899999763,237,'2013-03-28 12:42:13','JB',236),(296,'2013-03-28 12:42:21','inv237',899999763,237,'2013-03-28 12:42:21','JB',68),(297,'2013-04-05 16:57:47','inv238',899999762,238,'2013-04-05 16:57:47','JB',2),(298,'2013-04-05 16:57:47','inv239',899999761,239,'2013-04-05 16:57:47','JB',238),(299,'2013-04-05 16:57:47','inv240',899999760,240,'2013-04-05 16:57:47','JB',239),(300,'2013-04-05 17:32:11','inv241',899999759,241,'2013-04-05 17:32:11','JB',238),(301,'2013-04-05 17:32:11','inv242',899999758,242,'2013-04-05 17:32:11','JB',241),(302,'2013-04-05 19:13:24','inv243',899999757,243,'2013-04-05 19:13:24','JB',37),(303,'2013-04-05 19:15:33','inv244',899999756,244,'2013-04-05 19:15:33','JB',37),(304,'2013-04-05 19:18:41','inv245',899999755,245,'2013-04-05 19:18:41','JB',37),(305,'2013-04-05 19:36:59','inv246',899999754,246,'2013-04-05 19:36:59','JB',37),(306,'2013-04-05 19:38:13','inv247',899999753,247,'2013-04-05 19:38:13','JB',37),(307,'2013-04-05 19:38:51','inv248',899999752,248,'2013-04-05 19:38:51','JB',37),(308,'2013-04-05 19:40:16','inv249',899999751,249,'2013-04-05 19:40:16','JB',37),(309,'2013-04-08 13:54:31','inv250',899999750,250,'2013-04-08 13:54:31','JB',236),(310,'2013-04-12 00:02:47','inv251',899999749,251,'2013-04-12 00:02:47','JB',2),(311,'2013-04-15 15:54:25','inv252',899999748,252,'2013-04-15 15:54:25','JB',2),(312,'2013-04-15 15:55:26','inv253',899999747,253,'2013-04-15 15:55:26','JB',2),(314,'2013-04-15 15:57:31','inv1732',2,1732,'2013-04-15 15:57:31','JB',253),(316,'2013-04-15 15:57:55','inv1733',1,1733,'2013-04-15 15:57:55','JB',253),(317,'2013-04-15 16:08:54','inv254',899999746,254,'2013-04-15 16:08:54','JB',2),(319,'2013-04-15 16:11:47','inv1734',2,1734,'2013-04-15 16:11:47','JB',254),(321,'2013-04-15 16:13:34','inv1735',1,1735,'2013-04-15 16:13:34','JB',254),(322,'2013-04-15 16:39:33','inv255',899999745,255,'2013-04-15 16:39:33','JB',2),(324,'2013-04-15 16:40:04','inv1736',2,1736,'2013-04-15 16:40:04','JB',255),(325,'2013-04-15 23:09:25','inv256',899999744,256,'2013-04-15 23:09:25','JB',85),(326,'2013-04-15 23:10:01','inv257',899999743,257,'2013-04-15 23:10:01','JB',85),(327,'2013-04-16 03:49:45','inv258',899999742,258,'2013-04-16 03:49:45','JB',2),(329,'2013-04-16 03:51:03','inv1737',2,1737,'2013-04-16 03:51:03','JB',258),(331,'2013-04-16 03:51:26','inv1738',1,1738,'2013-04-16 03:51:26','JB',258),(332,'2013-04-16 04:14:37','inv259',899999741,259,'2013-04-16 04:14:37','JB',2),(333,'2013-04-16 04:33:33','inv260',899999740,260,'2013-04-16 04:33:33','JB',2),(334,'2013-04-16 04:41:01','inv261',899999739,261,'2013-04-16 04:41:01','JB',2),(335,'2013-04-16 06:35:10','inv262',899999738,262,'2013-04-16 06:35:10','JB',2),(336,'2013-04-16 06:49:35','inv263',899999737,263,'2013-04-16 06:49:35','JB',2),(337,'2013-04-16 08:38:08','inv264',899999736,264,'2013-04-16 08:38:08','JB',2),(338,'2013-04-16 14:02:46','inv265',899999735,265,'2013-04-16 14:02:46','JB',2),(339,'2013-04-16 14:29:42','inv1739',1,1739,'2013-04-16 14:29:42','JB',2),(340,'2013-04-16 14:29:53','inv1740',2,1740,'2013-04-16 14:29:53','JB',2),(341,'2013-04-17 12:32:34','inv235',899999765,235,'2013-04-17 12:32:34','JB',68),(342,'2013-04-25 06:58:34','inv266',899999734,266,'2013-04-25 06:58:34','JB',236),(343,'2013-04-30 22:12:08','inv267',899999733,267,'2013-04-30 22:12:08','JB',37),(344,'2013-05-02 18:20:22','inv268',899999732,268,'2013-05-02 18:20:22','JB',37),(345,'2013-05-02 18:22:27','inv269',899999731,269,'2013-05-02 18:22:27','JB',37),(346,'2013-05-02 20:51:00','inv270',899999730,270,'2013-05-02 20:51:00','JB',37),(347,'2013-05-02 20:52:37','inv271',899999729,271,'2013-05-02 20:52:37','JB',37),(348,'2013-05-02 22:38:39','inv272',899999728,272,'2013-05-02 22:38:39','JB',37),(349,'2013-05-06 18:29:14','inv273',899999727,273,'2013-05-06 18:29:14','JB',37),(350,'2013-05-06 21:54:08','inv274',899999726,274,'2013-05-06 21:54:08','JB',37);
/*!40000 ALTER TABLE `TV_FOLDER_ITEM` ENABLE KEYS */;
UNLOCK TABLES;

--
-- Table structure for table `TV_INVENTORY`
--

DROP TABLE IF EXISTS `TV_INVENTORY`;
/*!40101 SET @saved_cs_client     = @@character_set_client */;
/*!40101 SET character_set_client = utf8 */;
CREATE TABLE `TV_INVENTORY` (
  `INVENTORY_ID` bigint(20) NOT NULL auto_increment,
  `BACKEND_CHANNEL` bigint(20) NOT NULL default '0',
  `DESCRIPTION` varchar(2047) default NULL,
  `DISPLAY_NAME` varchar(255) NOT NULL,
  `ICON_NAME` varchar(255) default NULL,
  `JUKEBOX_CHANNEL_ID` bigint(20) default NULL,
  `LBS_DEFAULT_RULE` varchar(255) NOT NULL,
  `LONG_NAME` varchar(255) default NULL,
  `MEDIA_RESTRICTIONS` varchar(255) default NULL,
  `MEDIATYPE` varchar(255) NOT NULL,
  `MEDIA_ASPECT_RATIO` varchar(255) default '4x3',
  `NAME` varchar(255) NOT NULL,
  `STATION_ID` varchar(255) default NULL,
  PRIMARY KEY  (`INVENTORY_ID`),
  UNIQUE KEY `INVENTORY_ID` (`INVENTORY_ID`)
) ENGINE=InnoDB AUTO_INCREMENT=275 DEFAULT CHARSET=latin1;
/*!40101 SET character_set_client = @saved_cs_client */;

--
-- Dumping data for table `TV_INVENTORY`
--

LOCK TABLES `TV_INVENTORY` WRITE;
/*!40000 ALTER TABLE `TV_INVENTORY` DISABLE KEYS */;
INSERT INTO `TV_INVENTORY` (`INVENTORY_ID`, `BACKEND_CHANNEL`, `DESCRIPTION`, `DISPLAY_NAME`, `ICON_NAME`, `JUKEBOX_CHANNEL_ID`, `LBS_DEFAULT_RULE`, `LONG_NAME`, `MEDIA_RESTRICTIONS`, `MEDIATYPE`, `MEDIA_ASPECT_RATIO`, `NAME`, `STATION_ID`) VALUES (1,0,NULL,'1350089770546',NULL,NULL,'ALLOW',NULL,'','clip','4x3','__INTERNAL_MJ_1',NULL),(2,0,'','',NULL,NULL,'ALLOW',NULL,'m2g','folder','4x3','__INTERNAL_MJ_2',NULL),(3,0,NULL,'1350330887167',NULL,NULL,'ALLOW',NULL,'','clip','4x3','__INTERNAL_MJ_3',NULL),(4,0,NULL,'1350331414038',NULL,NULL,'ALLOW',NULL,'','clip','4x3','__INTERNAL_MJ_4',NULL),(5,0,NULL,'1350332172026',NULL,NULL,'ALLOW',NULL,'','clip','4x3','__INTERNAL_MJ_5',NULL),(6,0,NULL,'1350332956596',NULL,NULL,'ALLOW',NULL,'','clip','4x3','__INTERNAL_MJ_6',NULL),(7,0,NULL,'1350340672455',NULL,NULL,'ALLOW',NULL,'','clip','4x3','__INTERNAL_MJ_7',NULL),(8,0,NULL,'1350342441188',NULL,NULL,'ALLOW',NULL,'','clip','4x3','__INTERNAL_MJ_8',NULL),(9,0,NULL,'1350342745709',NULL,NULL,'ALLOW',NULL,'','clip','4x3','__INTERNAL_MJ_9',NULL),(10,0,NULL,'1350344416337',NULL,NULL,'ALLOW',NULL,'','clip','4x3','__INTERNAL_MJ_10',NULL),(11,0,NULL,'1350352298808',NULL,NULL,'ALLOW',NULL,'','clip','4x3','__INTERNAL_MJ_11',NULL),(12,0,NULL,'1350407797341',NULL,NULL,'ALLOW',NULL,'','clip','4x3','__INTERNAL_MJ_12',NULL),(13,0,NULL,'1350407950601',NULL,NULL,'ALLOW',NULL,'','clip','4x3','__INTERNAL_MJ_13',NULL),(14,0,NULL,'1350410441679',NULL,NULL,'ALLOW',NULL,'','clip','4x3','__INTERNAL_MJ_14',NULL),(15,0,NULL,'1350421819036',NULL,NULL,'ALLOW',NULL,'','clip','4x3','__INTERNAL_MJ_15',NULL),(16,0,NULL,'1350421924095',NULL,NULL,'ALLOW',NULL,'','clip','4x3','__INTERNAL_MJ_16',NULL),(17,0,'','Super Show with Change',NULL,NULL,'ALLOW',NULL,'m2g','folder','16x9','__INTERNAL_MJ_17',NULL),(18,0,NULL,'1350438613291',NULL,NULL,'ALLOW',NULL,'','clip','4x3','__INTERNAL_MJ_18',NULL),(19,0,'','episode2',NULL,NULL,'ALLOW',NULL,'m2g','folder','4x3','__INTERNAL_MJ_19',NULL),(20,0,NULL,'1350438816553',NULL,NULL,'ALLOW',NULL,'','clip','4x3','__INTERNAL_MJ_20',NULL),(21,0,NULL,'1350517504516',NULL,NULL,'ALLOW',NULL,'','clip','4x3','__INTERNAL_MJ_21',NULL),(22,0,NULL,'1350518085341',NULL,NULL,'ALLOW',NULL,'','clip','4x3','__INTERNAL_MJ_22',NULL),(23,0,NULL,'1350522178892',NULL,NULL,'ALLOW',NULL,'','clip','4x3','__INTERNAL_MJ_23',NULL),(24,0,NULL,'1350671124277',NULL,NULL,'ALLOW',NULL,'','clip','4x3','__INTERNAL_MJ_24',NULL),(25,0,NULL,'1350691337344',NULL,NULL,'ALLOW',NULL,'','clip','4x3','__INTERNAL_MJ_25',NULL),(26,0,NULL,'1350692292751',NULL,NULL,'ALLOW',NULL,'','clip','4x3','__INTERNAL_MJ_26',NULL),(27,0,NULL,'1350692418987',NULL,NULL,'ALLOW',NULL,'','clip','4x3','__INTERNAL_MJ_27',NULL),(28,0,NULL,'1350696256727',NULL,NULL,'ALLOW',NULL,'','clip','4x3','__INTERNAL_MJ_28',NULL),(29,0,NULL,'1350697723551',NULL,NULL,'ALLOW',NULL,'','clip','4x3','__INTERNAL_MJ_29',NULL),(30,0,NULL,'1350698904008',NULL,NULL,'ALLOW',NULL,'','clip','4x3','__INTERNAL_MJ_30',NULL),(31,0,NULL,'1350699039119',NULL,NULL,'ALLOW',NULL,'','clip','4x3','__INTERNAL_MJ_31',NULL),(32,0,NULL,'1350951528174',NULL,NULL,'ALLOW',NULL,'','clip','4x3','__INTERNAL_MJ_32',NULL),(33,0,'The Crocodile - Aired: October 21, 2012','The Crocodile',NULL,NULL,'ALLOW','The Crocodile','','clip','4x3','__INTERNAL_MJ_33',NULL),(34,0,'','ABC Full Length Episodes',NULL,NULL,'ALLOW',NULL,'m2g','folder','4x3','__INTERNAL_MJ_34',NULL),(35,0,'','Once Upon a Time',NULL,NULL,'ALLOW',NULL,'m2g','folder','4x3','__INTERNAL_MJ_35',NULL),(36,0,'','Family',NULL,NULL,'ALLOW',NULL,'m2g','folder','4x3','__INTERNAL_MJ_36',NULL),(37,0,'asdf asdf','Decision 2012',NULL,NULL,'ALLOW',NULL,'m2g','folder','4x3','__INTERNAL_MJ_37',NULL),(38,0,'Most Athletic Check out this cat flex its acrobatic abilities by doing flips! ','Most Athletic Cat Nominee Flips for Joy ',NULL,NULL,'ALLOW','Most Athletic Cat Nominee Flips for Joy ','','clip','4x3','__INTERNAL_MJ_38',NULL),(39,0,'','Episode',NULL,NULL,'ALLOW',NULL,'m2g','folder','4x3','__INTERNAL_MJ_39',NULL),(40,0,NULL,'1352846751953',NULL,NULL,'ALLOW',NULL,'','clip','4x3','__INTERNAL_MJ_40',NULL),(41,0,NULL,'1352846894480',NULL,NULL,'ALLOW',NULL,'','clip','4x3','__INTERNAL_MJ_41',NULL),(42,0,NULL,'1352849922980',NULL,NULL,'ALLOW',NULL,'','clip','4x3','__INTERNAL_MJ_42',NULL),(43,0,NULL,'1352850414827',NULL,NULL,'ALLOW',NULL,'','clip','4x3','__INTERNAL_MJ_43',NULL),(44,0,NULL,'1352850459503',NULL,NULL,'ALLOW',NULL,'','clip','4x3','__INTERNAL_MJ_44',NULL),(45,0,NULL,'1352850524751',NULL,NULL,'ALLOW',NULL,'','clip','4x3','__INTERNAL_MJ_45',NULL),(46,0,NULL,'1352850680042',NULL,NULL,'ALLOW',NULL,'','clip','4x3','__INTERNAL_MJ_46',NULL),(47,0,NULL,'1352850784205',NULL,NULL,'ALLOW',NULL,'','clip','4x3','__INTERNAL_MJ_47',NULL),(48,0,NULL,'1352850951591',NULL,NULL,'ALLOW',NULL,'','clip','4x3','__INTERNAL_MJ_48',NULL),(49,0,NULL,'1352851096810',NULL,NULL,'ALLOW',NULL,'','clip','4x3','__INTERNAL_MJ_49',NULL),(50,0,NULL,'1352851317176',NULL,NULL,'ALLOW',NULL,'','clip','4x3','__INTERNAL_MJ_50',NULL),(51,0,NULL,'1352851445142',NULL,NULL,'ALLOW',NULL,'','clip','4x3','__INTERNAL_MJ_51',NULL),(52,0,NULL,'1352852630867',NULL,NULL,'ALLOW',NULL,'','clip','4x3','__INTERNAL_MJ_52',NULL),(53,0,NULL,'1352852901278',NULL,NULL,'ALLOW',NULL,'','clip','4x3','__INTERNAL_MJ_53',NULL),(54,0,NULL,'1352854655448',NULL,NULL,'ALLOW',NULL,'','clip','4x3','__INTERNAL_MJ_54',NULL),(55,0,NULL,'1352854670625',NULL,NULL,'ALLOW',NULL,'','clip','4x3','__INTERNAL_MJ_55',NULL),(56,0,NULL,'1352854694766',NULL,NULL,'ALLOW',NULL,'','clip','4x3','__INTERNAL_MJ_56',NULL),(57,0,NULL,'1352855114605',NULL,NULL,'ALLOW',NULL,'','clip','4x3','__INTERNAL_MJ_57',NULL),(58,0,NULL,'1352855478640',NULL,NULL,'ALLOW',NULL,'','clip','4x3','__INTERNAL_MJ_58',NULL),(59,0,NULL,'1352858234973',NULL,NULL,'ALLOW',NULL,'','clip','4x3','__INTERNAL_MJ_59',NULL),(60,0,NULL,'1352860218568',NULL,NULL,'ALLOW',NULL,'','clip','4x3','__INTERNAL_MJ_60',NULL),(61,0,NULL,'1353462215581',NULL,NULL,'ALLOW',NULL,'','clip','4x3','__INTERNAL_MJ_61',NULL),(62,0,NULL,'1353538952615',NULL,NULL,'ALLOW',NULL,'','clip','4x3','__INTERNAL_MJ_62',NULL),(63,0,NULL,'1353540012098',NULL,NULL,'ALLOW',NULL,'','clip','4x3','__INTERNAL_MJ_63',NULL),(64,0,NULL,'1353973135275',NULL,NULL,'ALLOW',NULL,'','clip','4x3','__INTERNAL_MJ_64',NULL),(65,0,NULL,'1353979346237',NULL,NULL,'ALLOW',NULL,'','clip','4x3','__INTERNAL_MJ_65',NULL),(66,0,NULL,'1354047091333',NULL,NULL,'ALLOW',NULL,'','clip','4x3','__INTERNAL_MJ_66',NULL),(67,0,NULL,'1354060878588',NULL,NULL,'ALLOW',NULL,'','clip','4x3','__INTERNAL_MJ_67',NULL),(68,0,'','ep1',NULL,NULL,'ALLOW',NULL,'m2g','folder',NULL,'__INTERNAL_MJ_68',NULL),(69,0,NULL,'1354063634373',NULL,NULL,'ALLOW',NULL,'','clip','4x3','__INTERNAL_MJ_69',NULL),(70,0,'Most Athletic Check out this cat flex its acrobatic abilities by doing flips!','Most Athletic Cat Nominee Flips for Joy ',NULL,NULL,'ALLOW','Most Athletic Cat Nominee Flips for Joy ','','clip','4x3','__INTERNAL_MJ_70',NULL),(71,0,'Most Athletic Check out this cat flex its acrobatic abilities by doing flips!','Most Athletic Cat Nominee Flips for Joy ',NULL,NULL,'ALLOW','Most Athletic Cat Nominee Flips for Joy ','','clip','4x3','__INTERNAL_MJ_71',NULL),(72,0,'Most Athletic Check out this cat flex its acrobatic abilities by doing flips!','Most Athletic Cat Nominee Flips for Joy ',NULL,NULL,'ALLOW','Most Athletic Cat Nominee Flips for Joy ','','clip','4x3','__INTERNAL_MJ_72',NULL),(73,0,'Most Athletic Check out this cat flex its acrobatic abilities by doing flips!','Most Athletic Cat Nominee Flips for Joy ',NULL,NULL,'ALLOW','Most Athletic Cat Nominee Flips for Joy ','','clip','4x3','__INTERNAL_MJ_73',NULL),(74,0,'Most Athletic Check out this cat flex its acrobatic abilities by doing flips!','Most Athletic Cat Nominee Flips for Joy ',NULL,NULL,'ALLOW','Most Athletic Cat Nominee Flips for Joy ','','clip','4x3','__INTERNAL_MJ_74',NULL),(75,0,'Most Athletic Check out this cat flex its acrobatic abilities by doing flips!','Most Athletic Cat Nominee Flips for Joy ',NULL,NULL,'ALLOW','Most Athletic Cat Nominee Flips for Joy ','','clip','4x3','__INTERNAL_MJ_75',NULL),(76,0,NULL,'1354669848998',NULL,NULL,'ALLOW',NULL,'','clip','4x3','__INTERNAL_MJ_76',NULL),(77,0,NULL,'1354669945298',NULL,NULL,'ALLOW',NULL,'','clip','4x3','__INTERNAL_MJ_77',NULL),(78,0,NULL,'1354669972373',NULL,NULL,'ALLOW',NULL,'','clip','4x3','__INTERNAL_MJ_78',NULL),(79,0,NULL,'CID',NULL,NULL,'ALLOW','CID','','clip','4x3','__INTERNAL_MJ_79',NULL),(80,0,'Most Athletic Check out this cat flex its acrobatic abilities by doing flips!','Most Athletic Cat Nominee Flips for Joy ',NULL,NULL,'ALLOW','Most Athletic Cat Nominee Flips for Joy ','','clip','4x3','__INTERNAL_MJ_80',NULL),(81,0,'Most Athletic Check out this cat flex its acrobatic abilities by doing flips!','Most Athletic Cat Nominee Flips for Joy ',NULL,NULL,'ALLOW','Most Athletic Cat Nominee Flips for Joy ','','clip','4x3','__INTERNAL_MJ_81',NULL),(82,0,NULL,'1355168491420',NULL,NULL,'ALLOW',NULL,'','clip','4x3','__INTERNAL_MJ_82',NULL),(83,0,NULL,'1355168644684',NULL,NULL,'ALLOW',NULL,'','clip','4x3','__INTERNAL_MJ_83',NULL),(84,0,'','Primetime',NULL,NULL,'ALLOW',NULL,'m2g','folder',NULL,'__INTERNAL_MJ_84',NULL),(85,0,'','ShowTitle',NULL,NULL,'ALLOW',NULL,'m2g','folder',NULL,'__INTERNAL_MJ_85',NULL),(86,0,NULL,'1355440656371',NULL,NULL,'ALLOW',NULL,'','clip','4x3','__INTERNAL_MJ_86',NULL),(87,0,NULL,'1355796703329',NULL,NULL,'ALLOW',NULL,'','clip','4x3','__INTERNAL_MJ_87',NULL),(88,0,NULL,'1355797911484',NULL,NULL,'ALLOW',NULL,'','clip','4x3','__INTERNAL_MJ_88',NULL),(89,0,NULL,'1355859601503',NULL,NULL,'ALLOW',NULL,'','clip','4x3','__INTERNAL_MJ_89',NULL),(90,0,NULL,'1355872982743',NULL,NULL,'ALLOW',NULL,'','clip','4x3','__INTERNAL_MJ_90',NULL),(91,0,NULL,'1355878821804',NULL,NULL,'ALLOW',NULL,'','clip','4x3','__INTERNAL_MJ_91',NULL),(92,0,NULL,'1355942506838',NULL,NULL,'ALLOW',NULL,'','clip','4x3','__INTERNAL_MJ_92',NULL),(93,0,NULL,'1355963871270',NULL,NULL,'ALLOW',NULL,'','clip','4x3','__INTERNAL_MJ_93',NULL),(94,0,NULL,'1355964434146',NULL,NULL,'ALLOW',NULL,'','clip','4x3','__INTERNAL_MJ_94',NULL),(95,0,NULL,'1355965156326',NULL,NULL,'ALLOW',NULL,'','clip','4x3','__INTERNAL_MJ_95',NULL),(96,0,NULL,'1355966616143',NULL,NULL,'ALLOW',NULL,'','clip','4x3','__INTERNAL_MJ_96',NULL),(97,0,NULL,'1355966836212',NULL,NULL,'ALLOW',NULL,'','clip','4x3','__INTERNAL_MJ_97',NULL),(98,0,NULL,'1355967017581',NULL,NULL,'ALLOW',NULL,'','clip','4x3','__INTERNAL_MJ_98',NULL),(99,0,NULL,'1355967172773',NULL,NULL,'ALLOW',NULL,'','clip','4x3','__INTERNAL_MJ_99',NULL),(100,0,NULL,'1355967455347',NULL,NULL,'ALLOW',NULL,'','clip','4x3','__INTERNAL_MJ_100',NULL),(101,0,NULL,'1355967674091',NULL,NULL,'ALLOW',NULL,'','clip','4x3','__INTERNAL_MJ_101',NULL),(102,0,NULL,'1356039834576',NULL,NULL,'ALLOW',NULL,'','clip','4x3','__INTERNAL_MJ_102',NULL),(103,0,NULL,'1356040043156',NULL,NULL,'ALLOW',NULL,'','clip','4x3','__INTERNAL_MJ_103',NULL),(104,0,NULL,'1357858368672',NULL,NULL,'ALLOW',NULL,'','clip','4x3','__INTERNAL_MJ_104',NULL),(105,0,NULL,'1357858500587',NULL,NULL,'ALLOW',NULL,'','clip','4x3','__INTERNAL_MJ_105',NULL),(106,0,NULL,'1357860674809',NULL,NULL,'ALLOW',NULL,'','clip','4x3','__INTERNAL_MJ_106',NULL),(107,0,NULL,'1358294107871',NULL,NULL,'ALLOW',NULL,'','clip','4x3','__INTERNAL_MJ_107',NULL),(108,0,NULL,'1358295206369',NULL,NULL,'ALLOW',NULL,'','clip','4x3','__INTERNAL_MJ_108',NULL),(109,0,NULL,'1358295306849',NULL,NULL,'ALLOW',NULL,'','clip','4x3','__INTERNAL_MJ_109',NULL),(110,0,NULL,'1358383915653',NULL,NULL,'ALLOW',NULL,'','clip','4x3','__INTERNAL_MJ_110',NULL),(111,0,NULL,'1358815755441',NULL,NULL,'ALLOW',NULL,'','clip','4x3','__INTERNAL_MJ_111',NULL),(112,0,NULL,'1359497135155',NULL,NULL,'ALLOW',NULL,'','clip','4x3','__INTERNAL_MJ_112',NULL),(113,0,'Most Athletic Check out this cat flex its acrobatic abilities by doing flips!','Most Athletic Cat Nominee Flips for Joy ',NULL,NULL,'ALLOW','Most Athletic Cat Nominee Flips for Joy ','','clip','4x3','__INTERNAL_MJ_113',NULL),(114,0,'Most Athletic Check out this cat flex its acrobatic abilities by doing flips!','Most Athletic Cat Nominee Flips for Joy ',NULL,NULL,'ALLOW','Most Athletic Cat Nominee Flips for Joy ','','clip','4x3','__INTERNAL_MJ_114',NULL),(115,0,'Most Athletic Check out this cat flex its acrobatic abilities by doing flips!','Most Athletic Cat Nominee Flips for Joy ',NULL,NULL,'ALLOW','Most Athletic Cat Nominee Flips for Joy ','','clip','4x3','__INTERNAL_MJ_115',NULL),(116,0,'Most Athletic Check out this cat flex its acrobatic abilities by doing flips!','Most Athletic Cat Nominee Flips for Joy ',NULL,NULL,'ALLOW','Most Athletic Cat Nominee Flips for Joy ','','clip','4x3','__INTERNAL_MJ_116',NULL),(117,0,NULL,'1360020608085',NULL,NULL,'ALLOW',NULL,'','clip','4x3','__INTERNAL_MJ_117',NULL),(118,0,NULL,'1360110760725',NULL,NULL,'ALLOW',NULL,'','clip','4x3','__INTERNAL_MJ_118',NULL),(119,0,NULL,'1360111361594',NULL,NULL,'ALLOW',NULL,'','clip','4x3','__INTERNAL_MJ_119',NULL),(120,0,NULL,'1360111605499',NULL,NULL,'ALLOW',NULL,'','clip','4x3','__INTERNAL_MJ_120',NULL),(121,0,NULL,'1360111820105',NULL,NULL,'ALLOW',NULL,'','clip','4x3','__INTERNAL_MJ_121',NULL),(122,0,NULL,'1360113426108',NULL,NULL,'ALLOW',NULL,'','clip','4x3','__INTERNAL_MJ_122',NULL),(123,0,NULL,'1360113999770',NULL,NULL,'ALLOW',NULL,'','clip','4x3','__INTERNAL_MJ_123',NULL),(124,0,NULL,'1360114015297',NULL,NULL,'ALLOW',NULL,'','clip','4x3','__INTERNAL_MJ_124',NULL),(125,0,NULL,'1360286265604',NULL,NULL,'ALLOW',NULL,'','clip','4x3','__INTERNAL_MJ_125',NULL),(126,0,NULL,'1361907438204',NULL,NULL,'ALLOW',NULL,'','clip','4x3','__INTERNAL_MJ_126',NULL),(127,0,NULL,'1361908367959',NULL,NULL,'ALLOW',NULL,'','clip','4x3','__INTERNAL_MJ_127',NULL),(128,0,NULL,'1361909484437',NULL,NULL,'ALLOW',NULL,'','clip','4x3','__INTERNAL_MJ_128',NULL),(129,0,NULL,'1361911619958',NULL,NULL,'ALLOW',NULL,'','clip','4x3','__INTERNAL_MJ_129',NULL),(130,0,NULL,'1361911751547',NULL,NULL,'ALLOW',NULL,'','clip','4x3','__INTERNAL_MJ_130',NULL),(131,0,NULL,'1361912304875',NULL,NULL,'ALLOW',NULL,'','clip','4x3','__INTERNAL_MJ_131',NULL),(132,0,NULL,'1361912924596',NULL,NULL,'ALLOW',NULL,'','clip','4x3','__INTERNAL_MJ_132',NULL),(133,0,NULL,'1361913132233',NULL,NULL,'ALLOW',NULL,'','clip','4x3','__INTERNAL_MJ_133',NULL),(134,0,NULL,'1361913571948',NULL,NULL,'ALLOW',NULL,'','clip','4x3','__INTERNAL_MJ_134',NULL),(135,0,NULL,'1362005434349',NULL,NULL,'ALLOW',NULL,'','clip','4x3','__INTERNAL_MJ_135',NULL),(136,0,'manish','manish',NULL,NULL,'ALLOW','manish','','clip','4x3','__INTERNAL_MJ_136',NULL),(137,0,'manish','manish',NULL,NULL,'ALLOW','manish','','clip','4x3','__INTERNAL_MJ_137',NULL),(138,0,NULL,'1362006688489',NULL,NULL,'ALLOW',NULL,'','clip','4x3','__INTERNAL_MJ_138',NULL),(139,0,NULL,'1362008799698',NULL,NULL,'ALLOW',NULL,'','clip','4x3','__INTERNAL_MJ_139',NULL),(140,0,NULL,'1362010324402',NULL,NULL,'ALLOW',NULL,'','clip','4x3','__INTERNAL_MJ_140',NULL),(141,0,NULL,'1362015763302',NULL,NULL,'ALLOW',NULL,'','clip','4x3','__INTERNAL_MJ_141',NULL),(142,0,NULL,'1362015975651',NULL,NULL,'ALLOW',NULL,'','clip','4x3','__INTERNAL_MJ_142',NULL),(143,0,NULL,'1362016134977',NULL,NULL,'ALLOW',NULL,'','clip','4x3','__INTERNAL_MJ_143',NULL),(144,0,NULL,'1362078451071',NULL,NULL,'ALLOW',NULL,'','clip','4x3','__INTERNAL_MJ_144',NULL),(145,0,NULL,'1362078494110',NULL,NULL,'ALLOW',NULL,'','clip','4x3','__INTERNAL_MJ_145',NULL),(146,0,NULL,'1362078530221',NULL,NULL,'ALLOW',NULL,'','clip','4x3','__INTERNAL_MJ_146',NULL),(147,0,NULL,'1362079025893',NULL,NULL,'ALLOW',NULL,'','clip','4x3','__INTERNAL_MJ_147',NULL),(148,0,NULL,'1362079097888',NULL,NULL,'ALLOW',NULL,'','clip','4x3','__INTERNAL_MJ_148',NULL),(149,0,NULL,'1362081291678',NULL,NULL,'ALLOW',NULL,'','clip','4x3','__INTERNAL_MJ_149',NULL),(150,0,NULL,'1362081375831',NULL,NULL,'ALLOW',NULL,'','clip','4x3','__INTERNAL_MJ_150',NULL),(151,0,NULL,'1362082423247',NULL,NULL,'ALLOW',NULL,'','clip','4x3','__INTERNAL_MJ_151',NULL),(152,0,NULL,'1362082646005',NULL,NULL,'ALLOW',NULL,'','clip','4x3','__INTERNAL_MJ_152',NULL),(153,0,NULL,'1362090430647',NULL,NULL,'ALLOW',NULL,'','clip','4x3','__INTERNAL_MJ_153',NULL),(154,0,NULL,'1362091357491',NULL,NULL,'ALLOW',NULL,'','clip','4x3','__INTERNAL_MJ_154',NULL),(155,0,NULL,'1362091483258',NULL,NULL,'ALLOW',NULL,'','clip','4x3','__INTERNAL_MJ_155',NULL),(156,0,NULL,'1362091675706',NULL,NULL,'ALLOW',NULL,'','clip','4x3','__INTERNAL_MJ_156',NULL),(157,0,NULL,'1362091746869',NULL,NULL,'ALLOW',NULL,'','clip','4x3','__INTERNAL_MJ_157',NULL),(158,0,NULL,'1362091845053',NULL,NULL,'ALLOW',NULL,'','clip','4x3','__INTERNAL_MJ_158',NULL),(159,0,NULL,'1362095787221',NULL,NULL,'ALLOW',NULL,'','clip','4x3','__INTERNAL_MJ_159',NULL),(160,0,NULL,'1362096545580',NULL,NULL,'ALLOW',NULL,'','clip','4x3','__INTERNAL_MJ_160',NULL),(161,0,NULL,'1362096613864',NULL,NULL,'ALLOW',NULL,'','clip','4x3','__INTERNAL_MJ_161',NULL),(162,0,NULL,'1362099627112',NULL,NULL,'ALLOW',NULL,'','clip','4x3','__INTERNAL_MJ_162',NULL),(163,0,NULL,'1362100060667',NULL,NULL,'ALLOW',NULL,'','clip','4x3','__INTERNAL_MJ_163',NULL),(164,0,NULL,'1362100212248',NULL,NULL,'ALLOW',NULL,'','clip','4x3','__INTERNAL_MJ_164',NULL),(165,0,NULL,'1362101602877',NULL,NULL,'ALLOW',NULL,'','clip','4x3','__INTERNAL_MJ_165',NULL),(166,0,NULL,'1362102066330',NULL,NULL,'ALLOW',NULL,'','clip','4x3','__INTERNAL_MJ_166',NULL),(167,0,NULL,'1362102310235',NULL,NULL,'ALLOW',NULL,'','clip','4x3','__INTERNAL_MJ_167',NULL),(168,0,NULL,'1362102559485',NULL,NULL,'ALLOW',NULL,'','clip','4x3','__INTERNAL_MJ_168',NULL),(169,0,NULL,'1362102675816',NULL,NULL,'ALLOW',NULL,'','clip','4x3','__INTERNAL_MJ_169',NULL),(170,0,NULL,'1362102977436',NULL,NULL,'ALLOW',NULL,'','clip','4x3','__INTERNAL_MJ_170',NULL),(171,0,NULL,'1362103261223',NULL,NULL,'ALLOW',NULL,'','clip','4x3','__INTERNAL_MJ_171',NULL),(172,0,NULL,'1362178996938',NULL,NULL,'ALLOW',NULL,'','clip','4x3','__INTERNAL_MJ_172',NULL),(173,0,NULL,'1362179260875',NULL,NULL,'ALLOW',NULL,'','clip','4x3','__INTERNAL_MJ_173',NULL),(174,0,NULL,'1362181007113',NULL,NULL,'ALLOW',NULL,'','clip','4x3','__INTERNAL_MJ_174',NULL),(175,0,NULL,'1362184249432',NULL,NULL,'ALLOW',NULL,'','clip','4x3','__INTERNAL_MJ_175',NULL),(176,0,NULL,'1362185217519',NULL,NULL,'ALLOW',NULL,'','clip','4x3','__INTERNAL_MJ_176',NULL),(177,0,NULL,'1362435942073',NULL,NULL,'ALLOW',NULL,'','clip','4x3','__INTERNAL_MJ_177',NULL),(178,0,NULL,'1362436102918',NULL,NULL,'ALLOW',NULL,'','clip','4x3','__INTERNAL_MJ_178',NULL),(179,0,NULL,'1362436587435',NULL,NULL,'ALLOW',NULL,'','clip','4x3','__INTERNAL_MJ_179',NULL),(180,0,NULL,'1362436735858',NULL,NULL,'ALLOW',NULL,'','clip','4x3','__INTERNAL_MJ_180',NULL),(181,0,NULL,'1362437637391',NULL,NULL,'ALLOW',NULL,'','clip','4x3','__INTERNAL_MJ_181',NULL),(182,0,NULL,'1362438128775',NULL,NULL,'ALLOW',NULL,'','clip','4x3','__INTERNAL_MJ_182',NULL),(183,0,NULL,'1362448069244',NULL,NULL,'ALLOW',NULL,'','clip','4x3','__INTERNAL_MJ_183',NULL),(184,0,NULL,'1362448804927',NULL,NULL,'ALLOW',NULL,'','clip','4x3','__INTERNAL_MJ_184',NULL),(185,0,NULL,'1362511938221',NULL,NULL,'ALLOW',NULL,'','clip','4x3','__INTERNAL_MJ_185',NULL),(186,0,'manish','1362523202224',NULL,NULL,'ALLOW',NULL,'','clip','4x3','__INTERNAL_MJ_186',NULL),(187,0,'manish','1362523486600',NULL,NULL,'ALLOW',NULL,'','clip','4x3','__INTERNAL_MJ_187',NULL),(188,0,'manish','1362523799076',NULL,NULL,'ALLOW',NULL,'','clip','4x3','__INTERNAL_MJ_188',NULL),(189,0,'manish','1362523863789',NULL,NULL,'ALLOW',NULL,'','clip','4x3','__INTERNAL_MJ_189',NULL),(190,0,'manish','1362524053182',NULL,NULL,'ALLOW',NULL,'','clip','4x3','__INTERNAL_MJ_190',NULL),(191,0,NULL,'1362524236672',NULL,NULL,'ALLOW',NULL,'','clip','4x3','__INTERNAL_MJ_191',NULL),(192,0,NULL,'1362524377741',NULL,NULL,'ALLOW',NULL,'','clip','4x3','__INTERNAL_MJ_192',NULL),(193,0,NULL,'1362524552074',NULL,NULL,'ALLOW',NULL,'','clip','4x3','__INTERNAL_MJ_193',NULL),(194,0,'manish','1362525235046',NULL,NULL,'ALLOW',NULL,'','clip','4x3','__INTERNAL_MJ_194',NULL),(195,0,NULL,'1362525428052',NULL,NULL,'ALLOW',NULL,'','clip','4x3','__INTERNAL_MJ_195',NULL),(196,0,NULL,'1362525941662',NULL,NULL,'ALLOW',NULL,'','clip','4x3','__INTERNAL_MJ_196',NULL),(197,0,NULL,'1362526607035',NULL,NULL,'ALLOW',NULL,'','clip','4x3','__INTERNAL_MJ_197',NULL),(198,0,'manish','1362529113711',NULL,NULL,'ALLOW',NULL,'','clip','4x3','__INTERNAL_MJ_198',NULL),(199,0,'manish','1362529274345',NULL,NULL,'ALLOW',NULL,'','clip','4x3','__INTERNAL_MJ_199',NULL),(200,0,'manish','1362534440706',NULL,NULL,'ALLOW',NULL,'','clip','4x3','__INTERNAL_MJ_200',NULL),(201,0,'manish','1362534794318',NULL,NULL,'ALLOW',NULL,'','clip','4x3','__INTERNAL_MJ_201',NULL),(202,0,'manish','1362535093335',NULL,NULL,'ALLOW',NULL,'','clip','4x3','__INTERNAL_MJ_202',NULL),(203,0,'manish','1362535510123',NULL,NULL,'ALLOW',NULL,'','clip','4x3','__INTERNAL_MJ_203',NULL),(204,0,'manish','1362594993383',NULL,NULL,'ALLOW',NULL,'','clip','4x3','__INTERNAL_MJ_204',NULL),(205,0,'manish','1362605005661',NULL,NULL,'ALLOW',NULL,'','clip','4x3','__INTERNAL_MJ_205',NULL),(206,0,'manish','1362605645775',NULL,NULL,'ALLOW',NULL,'','clip','4x3','__INTERNAL_MJ_206',NULL),(207,0,'manish','1362605943267',NULL,NULL,'ALLOW',NULL,'','clip','4x3','__INTERNAL_MJ_207',NULL),(208,0,'manish','1362606317781',NULL,NULL,'ALLOW',NULL,'','clip','4x3','__INTERNAL_MJ_208',NULL),(209,0,'','Test_manish',NULL,NULL,'ALLOW',NULL,'m2g','folder',NULL,'__INTERNAL_MJ_209',NULL),(210,0,NULL,'1362606777740',NULL,NULL,'ALLOW',NULL,'','clip','4x3','__INTERNAL_MJ_210',NULL),(211,0,'manish','1362607037323',NULL,NULL,'ALLOW',NULL,'','clip','4x3','__INTERNAL_MJ_211',NULL),(212,0,'manish','1362607059482',NULL,NULL,'ALLOW',NULL,'','clip','4x3','__INTERNAL_MJ_212',NULL),(213,0,'manish','1362607293785',NULL,NULL,'ALLOW',NULL,'','clip','4x3','__INTERNAL_MJ_213',NULL),(214,0,'manish','1362607299019',NULL,NULL,'ALLOW',NULL,'','clip','4x3','__INTERNAL_MJ_214',NULL),(215,0,'manish','1362607843718',NULL,NULL,'ALLOW',NULL,'','clip','4x3','__INTERNAL_MJ_215',NULL),(216,0,'manish','1362607916119',NULL,NULL,'ALLOW',NULL,'','clip','4x3','__INTERNAL_MJ_216',NULL),(217,0,'manish','1362608589477',NULL,NULL,'ALLOW',NULL,'','clip','4x3','__INTERNAL_MJ_217',NULL),(218,0,'manish','1362609257625',NULL,NULL,'ALLOW',NULL,'','clip','4x3','__INTERNAL_MJ_218',NULL),(219,0,'manish','1362611839003',NULL,NULL,'ALLOW',NULL,'','clip','4x3','__INTERNAL_MJ_219',NULL),(220,0,'manish','1362613647427',NULL,NULL,'ALLOW',NULL,'','clip','4x3','__INTERNAL_MJ_220',NULL),(221,0,NULL,'1362615022468',NULL,NULL,'ALLOW',NULL,'','clip','4x3','__INTERNAL_MJ_221',NULL),(222,0,'manish','Short title manish',NULL,NULL,'ALLOW','Manish Title','','clip','4x3','__INTERNAL_MJ_222',NULL),(223,0,NULL,'1362617161467',NULL,NULL,'ALLOW',NULL,'','clip','4x3','__INTERNAL_MJ_223',NULL),(224,0,'manish','Short title manish',NULL,NULL,'ALLOW','Manish Title','','clip','4x3','__INTERNAL_MJ_224',NULL),(225,0,'manish','Short title manish',NULL,NULL,'ALLOW','Manish Title','','clip','4x3','__INTERNAL_MJ_225',NULL),(226,0,'manish','Short title manish',NULL,NULL,'ALLOW','Manish Title','','clip','4x3','__INTERNAL_MJ_226',NULL),(227,0,'manish','Short title manish',NULL,NULL,'ALLOW','Manish Title','','clip','4x3','__INTERNAL_MJ_227',NULL),(228,0,'manish Synopsis','1362617948661',NULL,NULL,'ALLOW',NULL,'','clip','4x3','__INTERNAL_MJ_228',NULL),(229,0,'Brief video that goes through the TV-AnyTime Specification and describes how MobiTV uses values from the XML metadata in the delivery of content to customers.','Episode 1',NULL,NULL,'ALLOW','Fake Show: Episode 1','','clip','4x3','__INTERNAL_MJ_229',NULL),(230,0,'Brief video that goes through the TV-AnyTime Specification and describes how MobiTV uses values from the XML metadata in the delivery of content to customers.','Episode 1',NULL,NULL,'ALLOW','Fake Show: Episode 1','','clip','4x3','__INTERNAL_MJ_230',NULL),(231,0,'Brief video that goes through the TV-AnyTime Specification and describes how MobiTV uses values from the XML metadata in the delivery of content to customers.','Episode 1',NULL,NULL,'ALLOW','Fake Show: Episode 1','','clip','4x3','__INTERNAL_MJ_231',NULL),(232,0,'Brief video that goes through the TV-AnyTime Specification and describes how MobiTV uses values from the XML metadata in the delivery of content to customers.','Episode 1',NULL,NULL,'ALLOW','Fake Show: Episode 1','','clip','4x3','__INTERNAL_MJ_232',NULL),(233,0,'Brief video that goes through the TV-AnyTime Specification and describes how MobiTV uses values from the XML metadata in the delivery of content to customers.','Episode 1',NULL,NULL,'ALLOW','Fake Show: Episode 1','','clip','4x3','__INTERNAL_MJ_233',NULL),(234,0,'Brief video that goes through the TV-AnyTime Specification and describes how MobiTV uses values from the XML metadata in the delivery of content to customers.','Episode 1',NULL,NULL,'ALLOW','Fake Show: Episode 1','','clip','4x3','__INTERNAL_MJ_234',NULL),(235,0,'sbayana','1364474402602',NULL,NULL,'ALLOW',NULL,'','clip','4x3','__INTERNAL_MJ_235',NULL),(236,0,'','mobi',NULL,NULL,'ALLOW',NULL,'m2g','folder',NULL,'__INTERNAL_MJ_236',NULL),(237,0,'sbayana','1364474533574',NULL,NULL,'ALLOW',NULL,'','clip','4x3','__INTERNAL_MJ_237',NULL),(238,0,'','full_episodes',NULL,NULL,'ALLOW',NULL,'m2g','folder',NULL,'__INTERNAL_MJ_238',NULL),(239,0,'','bethennys_getting_married',NULL,NULL,'ALLOW',NULL,'m2g','folder',NULL,'__INTERNAL_MJ_239',NULL),(240,0,'Bethenny?s water breaks - 4 weeks before her due date!','107: BABY WON\'T WAIT',NULL,NULL,'ALLOW',NULL,'m2g','folder',NULL,'__INTERNAL_MJ_240',NULL),(241,0,'','platinum_hit',NULL,NULL,'ALLOW',NULL,'m2g','folder',NULL,'__INTERNAL_MJ_241',NULL),(242,0,'The songwriters must step up their game as they write dance club anthems','Dance Floor Royalty',NULL,NULL,'ALLOW',NULL,'m2g','folder',NULL,'__INTERNAL_MJ_242',NULL),(243,0,'Most Athletic Check out this cat flex its acrobatic abilities by doing flips!','Most Athletic Cat Nominee Flips for Joy ',NULL,NULL,'ALLOW','Most Athletic Cat Nominee Flips for Joy ','','clip','4x3','__INTERNAL_MJ_243',NULL),(244,0,'Most Athletic Check out this cat flex its acrobatic abilities by doing flips!','Most Athletic Cat Nominee Flips for Joy ',NULL,NULL,'ALLOW','Most Athletic Cat Nominee Flips for Joy ','','clip','4x3','__INTERNAL_MJ_244',NULL),(245,0,'Most Athletic Check out this cat flex its acrobatic abilities by doing flips!','Most Athletic Cat Nominee Flips for Joy ',NULL,NULL,'ALLOW','Most Athletic Cat Nominee Flips for Joy ','','clip','4x3','__INTERNAL_MJ_245',NULL),(246,0,'Most Athletic Check out this cat flex its acrobatic abilities by doing flips!','Most Athletic Cat Nominee Flips for Joy ',NULL,NULL,'ALLOW','Most Athletic Cat Nominee Flips for Joy ','','clip','4x3','__INTERNAL_MJ_246',NULL),(247,0,'Most Athletic Check out this cat flex its acrobatic abilities by doing flips!','Most Athletic Cat Nominee Flips for Joy ',NULL,NULL,'ALLOW','Most Athletic Cat Nominee Flips for Joy ','','clip','4x3','__INTERNAL_MJ_247',NULL),(248,0,'Most Athletic Check out this cat flex its acrobatic abilities by doing flips!','Most Athletic Cat Nominee Flips for Joy ',NULL,NULL,'ALLOW','Most Athletic Cat Nominee Flips for Joy ','','clip','4x3','__INTERNAL_MJ_248',NULL),(249,0,'Most Athletic Check out this cat flex its acrobatic abilities by doing flips!','Most Athletic Cat Nominee Flips for Joy ',NULL,NULL,'ALLOW','Most Athletic Cat Nominee Flips for Joy ','','clip','4x3','__INTERNAL_MJ_249',NULL),(250,0,'sbayana','1365429267926',NULL,NULL,'ALLOW',NULL,'','clip','4x3','__INTERNAL_MJ_250',NULL),(251,0,NULL,'Does Kathy Have Swag?',NULL,NULL,'ALLOW','Does Kathy Have Swag?','','clip','4x3','__INTERNAL_MJ_251',NULL),(252,0,'Show-42 description','Show-42',NULL,NULL,'ALLOW',NULL,'m2g','folder',NULL,'__INTERNAL_MJ_252',NULL),(253,0,'Show-43 description','Show-43',NULL,NULL,'ALLOW',NULL,'m2g','folder',NULL,'__INTERNAL_MJ_253',NULL),(254,0,'Show-44 description','Show-44',NULL,NULL,'ALLOW',NULL,'m2g','folder',NULL,'__INTERNAL_MJ_254',NULL),(255,0,'Show-45 description','Show-45',NULL,NULL,'ALLOW',NULL,'m2g','folder',NULL,'__INTERNAL_MJ_255',NULL),(256,0,'Brief video that goes through the TV-AnyTime Specification and describes how MobiTV uses values from the XML metadata in the delivery of content to customers.','Episode 1',NULL,NULL,'ALLOW','Fake Show: Episode 1','','clip','4x3','__INTERNAL_MJ_256',NULL),(257,0,'Brief video that goes through the TV-AnyTime Specification and describes how MobiTV uses values from the XML metadata in the delivery of content to customers.','Episode 1',NULL,NULL,'ALLOW','Fake Show: Episode 1','','clip','4x3','__INTERNAL_MJ_257',NULL),(258,0,'Show-46 description','Show-46',NULL,NULL,'ALLOW',NULL,'m2g','folder',NULL,'__INTERNAL_MJ_258',NULL),(259,0,'Show-47 description','Show-47',NULL,NULL,'ALLOW',NULL,'m2g','folder',NULL,'__INTERNAL_MJ_259',NULL),(260,0,'Show-48 description','Show-48',NULL,NULL,'ALLOW',NULL,'m2g','folder',NULL,'__INTERNAL_MJ_260',NULL),(261,0,'Show-49 description','Show-49',NULL,NULL,'ALLOW',NULL,'m2g','folder',NULL,'__INTERNAL_MJ_261',NULL),(262,0,'Show-50 description','Show-50',NULL,NULL,'ALLOW',NULL,'m2g','folder',NULL,'__INTERNAL_MJ_262',NULL),(263,0,'Show-51 description','Show-51',NULL,NULL,'ALLOW',NULL,'m2g','folder',NULL,'__INTERNAL_MJ_263',NULL),(264,0,'Show-52 description','Show-52',NULL,NULL,'ALLOW',NULL,'m2g','folder',NULL,'__INTERNAL_MJ_264',NULL),(265,0,'Show-55 description','Show-55',NULL,NULL,'ALLOW',NULL,'m2g','folder',NULL,'__INTERNAL_MJ_265',NULL),(266,0,'sbayana','1366873114165',NULL,NULL,'ALLOW',NULL,'','clip','4x3','__INTERNAL_MJ_266',NULL),(267,0,'manish','manish',NULL,NULL,'ALLOW','manish','','clip','4x3','__INTERNAL_MJ_267',NULL),(268,0,'manish Synopsis','1367518822586',NULL,NULL,'ALLOW',NULL,'','clip','4x3','__INTERNAL_MJ_268',NULL),(269,0,'manish Synopsis','1367518947406',NULL,NULL,'ALLOW',NULL,'','clip','4x3','__INTERNAL_MJ_269',NULL),(270,0,'manish Synopsis','1367527860345',NULL,NULL,'ALLOW',NULL,'','clip','4x3','__INTERNAL_MJ_270',NULL),(271,0,'manish Synopsis','1367527957135',NULL,NULL,'ALLOW',NULL,'','clip','4x3','__INTERNAL_MJ_271',NULL),(272,0,'manish Synopsis','1367534291973',NULL,NULL,'ALLOW',NULL,'','clip','4x3','__INTERNAL_MJ_272',NULL),(273,0,'Yongjian Su','IM 2',NULL,NULL,'ALLOW','Iron Man 2','','clip','4x3','__INTERNAL_MJ_273',NULL),(274,0,'Yongjian Su','IM 2',NULL,NULL,'ALLOW','Iron Man 2','','clip','4x3','__INTERNAL_MJ_274',NULL);
/*!40000 ALTER TABLE `TV_INVENTORY` ENABLE KEYS */;
UNLOCK TABLES;

--
-- Table structure for table `TV_PACKAGE_INVENTORY`
--

DROP TABLE IF EXISTS `TV_PACKAGE_INVENTORY`;
/*!40101 SET @saved_cs_client     = @@character_set_client */;
/*!40101 SET character_set_client = utf8 */;
CREATE TABLE `TV_PACKAGE_INVENTORY` (
  `PACKAGE_ID` bigint(20) NOT NULL,
  `INVENTORY_ID` bigint(20) NOT NULL,
  PRIMARY KEY  (`INVENTORY_ID`)
) ENGINE=InnoDB DEFAULT CHARSET=latin1;
/*!40101 SET character_set_client = @saved_cs_client */;

--
-- Dumping data for table `TV_PACKAGE_INVENTORY`
--

LOCK TABLES `TV_PACKAGE_INVENTORY` WRITE;
/*!40000 ALTER TABLE `TV_PACKAGE_INVENTORY` DISABLE KEYS */;
/*!40000 ALTER TABLE `TV_PACKAGE_INVENTORY` ENABLE KEYS */;
UNLOCK TABLES;

--
-- Table structure for table `fasp_files`
--

DROP TABLE IF EXISTS `fasp_files`;
/*!40101 SET @saved_cs_client     = @@character_set_client */;
/*!40101 SET character_set_client = utf8 */;
CREATE TABLE `fasp_files` (
  `id` bigint(20) NOT NULL,
  `bytes_contig` bigint(20) NOT NULL,
  `bytes_lost` bigint(20) NOT NULL,
  `bytes_written` bigint(20) NOT NULL,
  `checksum` varchar(255) default NULL,
  `checksum_type` varchar(255) default NULL,
  `created_at` datetime NOT NULL,
  `err_code` int(11) NOT NULL,
  `err_desc` varchar(255) default NULL,
  `file_basename` varchar(255) NOT NULL,
  `file_fullpath` varchar(255) NOT NULL,
  `file_index` varchar(255) NOT NULL,
  `logged_from` varchar(255) NOT NULL,
  `node_uuid` varchar(255) NOT NULL,
  `session_id` varchar(255) NOT NULL,
  `size` bigint(20) NOT NULL,
  `source_item` varchar(255) default NULL,
  `start_byte` bigint(20) NOT NULL,
  `started_at` datetime default NULL,
  `status` int(11) NOT NULL,
  `stopped_at` datetime default NULL,
  `usecs` bigint(20) NOT NULL,
  PRIMARY KEY  (`id`),
  UNIQUE KEY `id` (`id`)
) ENGINE=MyISAM DEFAULT CHARSET=latin1;
/*!40101 SET character_set_client = @saved_cs_client */;

--
-- Dumping data for table `fasp_files`
--

LOCK TABLES `fasp_files` WRITE;
/*!40000 ALTER TABLE `fasp_files` DISABLE KEYS */;
/*!40000 ALTER TABLE `fasp_files` ENABLE KEYS */;
UNLOCK TABLES;

--
-- Table structure for table `fasp_sessions`
--

DROP TABLE IF EXISTS `fasp_sessions`;
/*!40101 SET @saved_cs_client     = @@character_set_client */;
/*!40101 SET character_set_client = utf8 */;
CREATE TABLE `fasp_sessions` (
  `id` bigint(20) NOT NULL,
  `bytes_lost` bigint(20) NOT NULL,
  `bytes_pretransfer` bigint(20) default NULL,
  `bytes_transferred` bigint(20) NOT NULL,
  `bytes_written` bigint(20) NOT NULL,
  `cipher` int(11) NOT NULL,
  `client_addr` varchar(255) default NULL,
  `client_faspport` int(11) NOT NULL,
  `cookie` varchar(255) default NULL,
  `created_at` datetime NOT NULL,
  `dest_path` varchar(255) default NULL,
  `dirs_pretransfer` int(11) default NULL,
  `err_code` int(11) NOT NULL,
  `err_desc` varchar(255) default NULL,
  `files_complete` int(11) NOT NULL,
  `files_failed` int(11) NOT NULL,
  `files_pretransfer` int(11) default NULL,
  `initiator` int(11) NOT NULL,
  `logged_from` varchar(255) NOT NULL,
  `network_delay` int(11) default NULL,
  `node_uuid` varchar(255) NOT NULL,
  `operation` int(11) NOT NULL,
  `server_addr` varchar(255) default NULL,
  `server_faspport` int(11) NOT NULL,
  `server_sshport` int(11) NOT NULL,
  `session_id` varchar(255) NOT NULL,
  `source_paths` varchar(255) default NULL,
  `started_at` datetime default NULL,
  `status` int(11) NOT NULL,
  `stopped_at` datetime default NULL,
  `token` varchar(255) default NULL,
  `usecs` bigint(20) NOT NULL,
  `user` varchar(255) default NULL,
  PRIMARY KEY  (`id`),
  UNIQUE KEY `id` (`id`)
) ENGINE=MyISAM DEFAULT CHARSET=latin1;
/*!40101 SET character_set_client = @saved_cs_client */;

--
-- Dumping data for table `fasp_sessions`
--

LOCK TABLES `fasp_sessions` WRITE;
/*!40000 ALTER TABLE `fasp_sessions` DISABLE KEYS */;
/*!40000 ALTER TABLE `fasp_sessions` ENABLE KEYS */;
UNLOCK TABLES;
/*!40103 SET TIME_ZONE=@OLD_TIME_ZONE */;

/*!40101 SET SQL_MODE=@OLD_SQL_MODE */;
/*!40014 SET FOREIGN_KEY_CHECKS=@OLD_FOREIGN_KEY_CHECKS */;
/*!40014 SET UNIQUE_CHECKS=@OLD_UNIQUE_CHECKS */;
/*!40101 SET CHARACTER_SET_CLIENT=@OLD_CHARACTER_SET_CLIENT */;
/*!40101 SET CHARACTER_SET_RESULTS=@OLD_CHARACTER_SET_RESULTS */;
/*!40101 SET COLLATION_CONNECTION=@OLD_COLLATION_CONNECTION */;
/*!40111 SET SQL_NOTES=@OLD_SQL_NOTES */;

-- Dump completed on 2013-05-21 23:35:13
